TEMPERATURE,HUMIDITY,HEAT INDEX,DEW TEMPERATURE,HEAT INDEX MESSAGE,PRECIPITATION PERCENTAGE,WEATHER
80,91,29.88,78.2,Caution,Chances of rain,Rainy
76,63,25.52,68.6,Normal,No rain,Fair & Clear and Humid
86,95,42.4,85,Danger,Chances of rain,Rainy
85,74,34.59,79.8,Extreme caution,No rain,Sunny and Humid
92,52,37.59,82.4,Extreme caution,No rain,Sunny and Humid
72,18,23.58,55.6,Normal,No rain,Fair & Clear and Moderately Humid
70,71,23.12,64.2,Normal,No rain,Fair & Clear and Humid
92,90,55.14,90,Danger,Chances of rain,Cloudy
70,55,24.74,61,Normal,No rain,Fair & Clear and Humid
94,59,42.98,85.8,Danger,No rain,Sunny and Humid
94,41,36.49,82.2,Extreme caution,No rain,Sunny and Moderately Humid
80,79,28.94,75.8,Caution,No rain,Sunny and Humid
75,69,24.87,68.8,Normal,No rain,Fair & Clear and Humid
78,35,25.79,65,Normal,No rain,Fair & Clear and Moderately Humid
82,34,27.13,68.8,Normal,No rain,Sunny and Moderately Humid
78,57,26.42,69.4,Normal,No rain,Fair & Clear and Humid
90,33,31.46,76.6,Caution,No rain,Sunny and Moderately Humid
80,103,30.93,80.6,Caution,Chances of rain,Rainy
97,56,46.34,88.2,Danger,No rain,Sunny and Humid
97,74,57.31,91.8,Danger,No rain,Sunny and Humid
95,92,65.2,93.4,Danger,Chances of rain,Cloudy
76,56,25.59,67.2,Normal,No rain,Fair & Clear and Humid
85,66,32.91,78.2,Caution,No rain,Sunny and Humid
72,41,25,60.2,Normal,No rain,Fair & Clear and Moderately Humid
70,104,15.4,70.8,Normal,Chances of rain,Cloudy
73,40,25.03,61,Normal,No rain,Fair & Clear and Moderately Humid
75,14,24.01,57.8,Normal,No rain,Fair & Clear and Moderately Humid
84,79,34.23,79.8,Extreme caution,No rain,Sunny and Humid
78,47,26.16,67.4,Normal,No rain,Fair & Clear and Moderately Humid
93,42,35.76,81.4,Extreme caution,No rain,Sunny and Moderately Humid
92,20,31.27,76,Caution,No rain,Sunny and Moderately Humid
72,92,20.31,70.4,Normal,Chances of rain,Cloudy
81,17,26.15,64.4,Normal,No rain,Sunny and Moderately Humid
73,55,24.89,64,Normal,No rain,Fair & Clear and Humid
89,53,34.46,79.6,Extreme caution,No rain,Sunny and Humid
96,99,74.39,95.8,Danger,Chances of rain,Rainy
78,91,26.95,76.2,Normal,Chances of rain,Rainy
85,95,40.12,84,Extreme caution,Chances of rain,Rainy
75,16,24.16,58.2,Normal,No rain,Fair & Clear and Moderately Humid
93,11,31.37,75.2,Caution,No rain,Sunny and Moderately Humid
86,87,39.76,83.4,Extreme caution,Chances of rain,Rainy
85,106,43.66,86.2,Danger,Chances of rain,Rainy
76,65,25.48,69,Normal,No rain,Fair & Clear and Humid
74,11,23.4,56.2,Normal,No rain,Fair & Clear and Moderately Humid
73,105,18.72,74,Normal,Chances of rain,Rainy
79,74,27.62,73.8,Normal,No rain,Fair & Clear and Humid
90,71,41.45,84.2,Extreme caution,No rain,Sunny and Humid
75,80,24.21,71,Normal,No rain,Fair & Clear and Humid
73,43,25.07,61.6,Normal,No rain,Fair & Clear and Moderately Humid
74,89,22.51,71.8,Normal,Chances of rain,Cloudy
83,45,28.37,72,Caution,No rain,Sunny and Moderately Humid
81,66,28.87,74.2,Caution,No rain,Sunny and Humid
82,40,27.47,70,Normal,No rain,Sunny and Moderately Humid
74,104,20.32,74.8,Normal,Chances of rain,Rainy
72,12,22.85,54.4,Normal,No rain,Fair & Clear and Moderately Humid
84,96,38.19,83.2,Extreme caution,Chances of rain,Rainy
88,64,36.14,80.8,Extreme caution,No rain,Sunny and Humid
92,86,52.78,89.2,Danger,Chances of rain,Cloudy
77,60,25.99,69,Normal,No rain,Fair & Clear and Humid
95,88,62.17,92.6,Danger,Chances of rain,Rainy
92,49,36.67,81.8,Extreme caution,No rain,Sunny and Moderately Humid
74,86,22.87,71.2,Normal,Chances of rain,Rainy
90,84,47.01,86.8,Danger,Chances of rain,Cloudy
83,98,36.5,82.6,Extreme caution,Chances of rain,Rainy
78,109,27.02,79.8,Normal,Chances of rain,Cloudy
73,25,24.38,58,Normal,No rain,Fair & Clear and Moderately Humid
97,66,52.03,90.2,Danger,No rain,Sunny and Humid
91,55,37.31,82,Extreme caution,No rain,Sunny and Humid
90,30,31.07,76,Caution,No rain,Sunny and Moderately Humid
97,12,33.44,79.4,Extreme caution,No rain,Sunny and Moderately Humid
80,24,26.01,64.8,Normal,No rain,Sunny and Moderately Humid
82,38,27.35,69.6,Normal,No rain,Sunny and Moderately Humid
91,12,30.42,73.4,Caution,No rain,Sunny and Moderately Humid
84,58,30.56,75.6,Caution,No rain,Sunny and Humid
70,70,23.26,64,Normal,No rain,Fair & Clear and Humid
95,99,70.86,94.8,Danger,Chances of rain,Rainy
97,36,38.03,84.2,Extreme caution,No rain,Sunny and Moderately Humid
75,15,24.08,58,Normal,No rain,Fair & Clear and Moderately Humid
81,33,26.69,67.6,Normal,No rain,Sunny and Moderately Humid
95,30,34.67,81,Extreme caution,No rain,Sunny and Moderately Humid
96,94,70.03,94.8,Danger,Chances of rain,Rainy
77,17,24.81,60.4,Normal,No rain,Fair & Clear and Moderately Humid
87,62,34.39,79.4,Extreme caution,No rain,Sunny and Humid
79,73,27.58,73.6,Normal,No rain,Fair & Clear and Humid
83,61,30.08,75.2,Caution,No rain,Sunny and Humid
76,95,24.14,75,Normal,Chances of rain,Rainy
71,94,19.08,69.8,Normal,Chances of rain,Rainy
85,51,30.39,75.2,Caution,No rain,Sunny and Humid
90,102,56.51,90.4,Danger,Chances of rain,Rainy
81,15,26.11,64,Normal,No rain,Sunny and Moderately Humid
97,43,40.48,85.6,Extreme caution,No rain,Sunny and Moderately Humid
88,58,34.58,79.6,Extreme caution,No rain,Sunny and Humid
74,23,24.41,58.6,Normal,No rain,Fair & Clear and Moderately Humid
91,60,38.96,83,Extreme caution,No rain,Sunny and Humid
74,44,25.18,62.8,Normal,No rain,Fair & Clear and Moderately Humid
88,104,51.48,88.8,Danger,Chances of rain,Cloudy
74,30,24.81,60,Normal,No rain,Fair & Clear and Moderately Humid
87,47,31.38,76.4,Caution,No rain,Sunny and Moderately Humid
74,81,23.42,70.2,Normal,No rain,Fair & Clear and Humid
87,61,34.15,79.2,Extreme caution,No rain,Sunny and Humid
87,104,48.54,87.8,Danger,Chances of rain,Cloudy
79,44,26.42,67.8,Normal,No rain,Fair & Clear and Moderately Humid
89,37,31.34,76.4,Caution,No rain,Sunny and Moderately Humid
86,91,41.05,84.2,Extreme caution,Chances of rain,Rainy
89,99,51.89,88.8,Danger,Chances of rain,Cloudy
78,70,26.68,72,Normal,No rain,Fair & Clear and Humid
75,63,25.11,67.6,Normal,No rain,Fair & Clear and Humid
95,44,38.49,83.8,Extreme caution,No rain,Sunny and Moderately Humid
87,90,42.88,85,Danger,Chances of rain,Rainy
83,51,28.93,73.2,Caution,No rain,Sunny and Humid
82,54,28.55,72.8,Caution,No rain,Sunny and Humid
76,86,24.7,73.2,Normal,Chances of rain,Rainy
87,34,29.65,73.8,Caution,No rain,Sunny and Moderately Humid
83,91,35.02,81.2,Extreme caution,Chances of rain,Rainy
91,33,32.17,77.6,Caution,No rain,Sunny and Moderately Humid
85,84,37.02,81.8,Extreme caution,Chances of rain,Rainy
70,52,24.89,60.4,Normal,No rain,Fair & Clear and Humid
72,54,24.82,62.8,Normal,No rain,Fair & Clear and Humid
91,76,45.39,86.2,Danger,No rain,Sunny and Humid
96,57,45.22,87.4,Danger,No rain,Sunny and Humid
84,105,40.65,85,Extreme caution,Chances of rain,Cloudy
84,82,34.86,80.4,Extreme caution,Chances of rain,Cloudy
95,22,33.3,79.4,Extreme caution,No rain,Sunny and Moderately Humid
70,90,19.39,68,Normal,Chances of rain,Rainy
93,62,42.71,85.4,Danger,No rain,Sunny and Humid
87,69,36.16,80.8,Extreme caution,No rain,Sunny and Humid
79,83,28.01,75.6,Caution,Chances of rain,Cloudy
81,26,26.41,66.2,Normal,No rain,Sunny and Moderately Humid
79,88,28.23,76.6,Caution,Chances of rain,Cloudy
88,86,43.52,85.2,Danger,Chances of rain,Cloudy
78,58,26.44,69.6,Normal,No rain,Fair & Clear and Humid
82,69,30.12,75.8,Caution,No rain,Sunny and Humid
76,34,25.29,62.8,Normal,No rain,Fair & Clear and Moderately Humid
82,37,27.29,69.4,Normal,No rain,Sunny and Moderately Humid
73,106,18.5,74.2,Normal,Chances of rain,Cloudy
94,55,41.3,85,Extreme caution,No rain,Sunny and Humid
75,107,21.44,76.4,Normal,Chances of rain,Rainy
78,15,25.04,61,Normal,No rain,Fair & Clear and Moderately Humid
82,52,28.37,72.4,Caution,No rain,Sunny and Humid
91,38,33.04,78.6,Extreme caution,No rain,Sunny and Moderately Humid
80,42,26.72,68.4,Normal,No rain,Sunny and Moderately Humid
74,46,25.18,63.2,Normal,No rain,Fair & Clear and Moderately Humid
94,19,32.34,77.8,Caution,No rain,Sunny and Moderately Humid
85,13,27.7,67.6,Normal,No rain,Sunny and Moderately Humid
70,54,24.8,60.8,Normal,No rain,Fair & Clear and Humid
74,75,23.97,69,Normal,No rain,Fair & Clear and Humid
90,41,32.79,78.2,Caution,No rain,Sunny and Moderately Humid
96,64,48.9,88.8,Danger,No rain,Sunny and Humid
89,49,33.54,78.8,Extreme caution,No rain,Sunny and Moderately Humid
97,72,55.93,91.4,Danger,No rain,Sunny and Humid
95,46,39.18,84.2,Extreme caution,No rain,Sunny and Moderately Humid
78,49,26.22,67.8,Normal,No rain,Fair & Clear and Moderately Humid
73,108,18.07,74.6,Normal,Chances of rain,Rainy
82,94,33.71,80.8,Extreme caution,Chances of rain,Rainy
88,34,30.27,74.8,Caution,No rain,Sunny and Moderately Humid
82,37,27.29,69.4,Normal,No rain,Sunny and Moderately Humid
92,88,53.95,89.6,Danger,Chances of rain,Cloudy
96,14,33.05,78.8,Extreme caution,No rain,Sunny and Moderately Humid
86,108,47.28,87.6,Danger,Chances of rain,Rainy
82,35,27.18,69,Normal,No rain,Sunny and Moderately Humid
71,101,17.3,71.2,Normal,Chances of rain,Rainy
91,32,32.01,77.4,Caution,No rain,Sunny and Moderately Humid
85,51,30.39,75.2,Caution,No rain,Sunny and Humid
75,41,25.29,63.2,Normal,No rain,Fair & Clear and Moderately Humid
83,17,26.91,66.4,Normal,No rain,Sunny and Moderately Humid
77,55,25.95,68,Normal,No rain,Fair & Clear and Humid
82,18,26.55,65.6,Normal,No rain,Sunny and Moderately Humid
87,91,43.25,85.2,Danger,Chances of rain,Rainy
88,101,50.03,88.2,Danger,Chances of rain,Cloudy
74,63,24.77,66.6,Normal,No rain,Fair & Clear and Humid
82,88,32.74,79.6,Caution,Chances of rain,Rainy
84,42,28.67,72.4,Caution,No rain,Sunny and Moderately Humid
74,11,23.4,56.2,Normal,No rain,Fair & Clear and Moderately Humid
86,65,33.88,79,Extreme caution,No rain,Sunny and Humid
71,35,24.81,58,Normal,No rain,Fair & Clear and Moderately Humid
93,101,65.58,93.2,Danger,Chances of rain,Rainy
86,16,28.15,69.2,Caution,No rain,Sunny and Moderately Humid
79,97,28.64,78.4,Caution,Chances of rain,Cloudy
71,72,23.16,65.4,Normal,No rain,Fair & Clear and Humid
71,23,23.94,55.6,Normal,No rain,Fair & Clear and Moderately Humid
89,74,40.87,83.8,Extreme caution,No rain,Sunny and Humid
84,20,27.38,68,Normal,No rain,Sunny and Moderately Humid
81,106,33.48,82.2,Extreme caution,Chances of rain,Cloudy
73,38,24.99,60.6,Normal,No rain,Fair & Clear and Moderately Humid
70,79,21.79,65.8,Normal,No rain,Fair & Clear and Humid
92,104,64.36,92.8,Danger,Chances of rain,Cloudy
83,66,30.75,76.2,Caution,No rain,Sunny and Humid
88,56,34.11,79.2,Extreme caution,No rain,Sunny and Humid
71,27,24.31,56.4,Normal,No rain,Fair & Clear and Moderately Humid
75,45,25.34,64,Normal,No rain,Fair & Clear and Moderately Humid
71,45,25.01,60,Normal,No rain,Fair & Clear and Moderately Humid
81,73,29.52,75.6,Caution,No rain,Sunny and Humid
91,107,62.97,92.4,Danger,Chances of rain,Cloudy
74,39,25.11,61.8,Normal,No rain,Fair & Clear and Moderately Humid
77,30,25.37,63,Normal,No rain,Fair & Clear and Moderately Humid
85,87,37.82,82.4,Extreme caution,Chances of rain,Cloudy
75,86,23.74,72.2,Normal,Chances of rain,Rainy
93,66,44.49,86.2,Danger,No rain,Sunny and Humid
70,50,24.96,60,Normal,No rain,Fair & Clear and Humid
91,92,53.62,89.4,Danger,Chances of rain,Rainy
72,67,23.95,65.4,Normal,No rain,Fair & Clear and Humid
96,85,62.77,93,Danger,Chances of rain,Rainy
88,89,44.72,85.8,Danger,Chances of rain,Rainy
78,87,26.91,75.4,Normal,Chances of rain,Cloudy
87,26,28.99,72.2,Caution,No rain,Sunny and Moderately Humid
73,92,21.17,71.4,Normal,Chances of rain,Rainy
75,39,25.25,62.8,Normal,No rain,Fair & Clear and Moderately Humid
92,59,40.01,83.8,Extreme caution,No rain,Sunny and Humid
81,70,29.24,75,Caution,No rain,Sunny and Humid
70,32,24.64,56.4,Normal,No rain,Fair & Clear and Moderately Humid
80,60,27.67,72,Normal,No rain,Sunny and Humid
73,19,23.9,56.8,Normal,No rain,Fair & Clear and Moderately Humid
90,81,45.63,86.2,Danger,Chances of rain,Rainy
96,27,34.84,81.4,Extreme caution,No rain,Sunny and Moderately Humid
78,44,26.07,66.8,Normal,No rain,Fair & Clear and Moderately Humid
73,56,24.86,64.2,Normal,No rain,Fair & Clear and Humid
82,98,34.39,81.6,Extreme caution,Chances of rain,Rainy
85,10,27.71,67,Normal,No rain,Sunny and Moderately Humid
85,69,33.52,78.8,Extreme caution,No rain,Sunny and Humid
85,55,30.98,76,Caution,No rain,Sunny and Humid
74,10,23.3,56,Normal,No rain,Fair & Clear and Moderately Humid
96,15,33.13,79,Extreme caution,No rain,Sunny and Moderately Humid
71,107,15.59,72.4,Normal,Chances of rain,Cloudy
86,27,28.55,71.4,Caution,No rain,Sunny and Moderately Humid
75,66,25,68.2,Normal,No rain,Fair & Clear and Humid
76,13,24.26,58.6,Normal,No rain,Fair & Clear and Moderately Humid
95,107,77.88,96.4,Danger,Chances of rain,Cloudy
95,17,32.74,78.4,Caution,No rain,Sunny and Moderately Humid
96,27,34.84,81.4,Extreme caution,No rain,Sunny and Moderately Humid
72,23,24.08,56.6,Normal,No rain,Fair & Clear and Moderately Humid
95,59,44.57,86.8,Danger,No rain,Sunny and Humid
84,11,27.28,66.2,Normal,No rain,Sunny and Moderately Humid
84,44,28.87,72.8,Caution,No rain,Sunny and Moderately Humid
73,57,24.82,64.4,Normal,No rain,Fair & Clear and Humid
70,48,25.01,59.6,Normal,No rain,Fair & Clear and Moderately Humid
87,76,38.16,82.2,Extreme caution,No rain,Sunny and Humid
92,10,30.89,74,Caution,No rain,Sunny and Moderately Humid
92,25,31.75,77,Caution,No rain,Sunny and Moderately Humid
85,34,28.53,71.8,Caution,No rain,Sunny and Moderately Humid
81,70,29.24,75,Caution,No rain,Sunny and Humid
70,44,25.05,58.8,Normal,No rain,Fair & Clear and Moderately Humid
76,105,23.36,77,Normal,Chances of rain,Rainy
97,27,35.62,82.4,Extreme caution,No rain,Sunny and Moderately Humid
78,85,26.89,75,Normal,Chances of rain,Cloudy
78,50,26.24,68,Normal,No rain,Fair & Clear and Humid
75,64,25.07,67.8,Normal,No rain,Fair & Clear and Humid
95,40,37.22,83,Extreme caution,No rain,Sunny and Moderately Humid
82,60,29.13,74,Caution,No rain,Sunny and Humid
87,39,30.22,74.8,Caution,No rain,Sunny and Moderately Humid
88,53,33.43,78.6,Extreme caution,No rain,Sunny and Humid
84,23,27.47,68.6,Normal,No rain,Sunny and Moderately Humid
95,40,37.22,83,Extreme caution,No rain,Sunny and Moderately Humid
75,55,25.3,66,Normal,No rain,Fair & Clear and Humid
75,77,24.42,70.4,Normal,No rain,Fair & Clear and Humid
71,57,24.62,62.4,Normal,No rain,Fair & Clear and Humid
94,36,35.18,81.2,Extreme caution,No rain,Sunny and Moderately Humid
75,30,24.97,61,Normal,No rain,Fair & Clear and Moderately Humid
96,30,35.49,82,Extreme caution,No rain,Sunny and Moderately Humid
89,16,29.53,72.2,Caution,No rain,Sunny and Moderately Humid
95,20,33.05,79,Extreme caution,No rain,Sunny and Moderately Humid
87,46,31.22,76.2,Caution,No rain,Sunny and Moderately Humid
93,53,39.18,83.6,Extreme caution,No rain,Sunny and Humid
86,24,28.39,70.8,Caution,No rain,Sunny and Moderately Humid
91,11,30.41,73.2,Caution,No rain,Sunny and Moderately Humid
70,65,23.89,63,Normal,No rain,Fair & Clear and Humid
90,37,32.07,77.4,Caution,No rain,Sunny and Moderately Humid
92,23,31.54,76.6,Caution,No rain,Sunny and Moderately Humid
75,98,22.55,74.6,Normal,Chances of rain,Rainy
72,79,22.53,67.8,Normal,No rain,Fair & Clear and Humid
72,104,17.64,72.8,Normal,Chances of rain,Rainy
88,90,45.14,86,Danger,Chances of rain,Cloudy
82,96,34.04,81.2,Extreme caution,Chances of rain,Rainy
94,47,38.34,83.4,Extreme caution,No rain,Sunny and Moderately Humid
87,75,37.86,82,Extreme caution,No rain,Sunny and Humid
73,32,24.78,59.4,Normal,No rain,Fair & Clear and Moderately Humid
89,79,42.77,84.8,Danger,Chances of rain,Cloudy
73,34,24.87,59.8,Normal,No rain,Fair & Clear and Moderately Humid
75,16,24.16,58.2,Normal,No rain,Fair & Clear and Moderately Humid
87,92,43.63,85.4,Danger,Chances of rain,Rainy
84,74,33.23,78.8,Extreme caution,No rain,Sunny and Humid
81,27,26.45,66.4,Normal,No rain,Sunny and Moderately Humid
78,31,25.66,64.2,Normal,No rain,Fair & Clear and Moderately Humid
95,12,32.4,77.4,Caution,No rain,Sunny and Moderately Humid
87,88,42.15,84.6,Danger,Chances of rain,Cloudy
89,72,40.14,83.4,Extreme caution,No rain,Sunny and Humid
80,24,26.01,64.8,Normal,No rain,Sunny and Moderately Humid
75,60,25.2,67,Normal,No rain,Fair & Clear and Humid
84,55,30.14,75,Caution,No rain,Sunny and Humid
82,83,31.98,78.6,Caution,Chances of rain,Cloudy
87,46,31.22,76.2,Caution,No rain,Sunny and Moderately Humid
82,33,27.08,68.6,Normal,No rain,Sunny and Moderately Humid
93,33,33.68,79.6,Extreme caution,No rain,Sunny and Moderately Humid
71,58,24.55,62.6,Normal,No rain,Fair & Clear and Humid
86,71,35.28,80.2,Extreme caution,No rain,Sunny and Humid
83,21,27,67.2,Normal,No rain,Sunny and Moderately Humid
80,19,25.85,63.8,Normal,No rain,Sunny and Moderately Humid
81,87,31.02,78.4,Caution,Chances of rain,Rainy
77,66,26,70.2,Normal,No rain,Fair & Clear and Humid
82,104,35.48,82.8,Extreme caution,Chances of rain,Cloudy
81,60,28.37,73,Caution,No rain,Sunny and Humid
72,95,19.7,71,Normal,Chances of rain,Cloudy
88,95,47.28,87,Danger,Chances of rain,Rainy
74,31,24.86,60.2,Normal,No rain,Fair & Clear and Moderately Humid
88,92,45.98,86.4,Danger,Chances of rain,Rainy
70,52,24.89,60.4,Normal,No rain,Fair & Clear and Humid
77,60,25.99,69,Normal,No rain,Fair & Clear and Humid
87,89,42.51,84.8,Danger,Chances of rain,Rainy
90,18,30.09,73.6,Caution,No rain,Sunny and Moderately Humid
79,84,28.06,75.8,Caution,Chances of rain,Rainy
90,93,51.5,88.6,Danger,Chances of rain,Cloudy
79,17,25.45,62.4,Normal,No rain,Fair & Clear and Moderately Humid
89,74,40.87,83.8,Extreme caution,No rain,Sunny and Humid
84,74,33.23,78.8,Extreme caution,No rain,Sunny and Humid
75,17,24.23,58.4,Normal,No rain,Fair & Clear and Moderately Humid
79,26,25.76,64.2,Normal,No rain,Fair & Clear and Moderately Humid
71,94,19.08,69.8,Normal,Chances of rain,Cloudy
83,59,29.83,74.8,Caution,No rain,Sunny and Humid
75,43,25.32,63.6,Normal,No rain,Fair & Clear and Moderately Humid
79,105,29.01,80,Caution,Chances of rain,Cloudy
82,109,36.43,83.8,Extreme caution,Chances of rain,Rainy
74,19,24.12,57.8,Normal,No rain,Fair & Clear and Moderately Humid
95,46,39.18,84.2,Extreme caution,No rain,Sunny and Moderately Humid
95,66,48.11,88.2,Danger,No rain,Sunny and Humid
71,43,25.01,59.6,Normal,No rain,Fair & Clear and Moderately Humid
96,74,54.97,90.8,Danger,No rain,Sunny and Humid
89,97,50.87,88.4,Danger,Chances of rain,Cloudy
97,14,33.6,79.8,Extreme caution,No rain,Sunny and Moderately Humid
92,44,35.29,80.8,Extreme caution,No rain,Sunny and Moderately Humid
80,106,31.21,81.2,Caution,Chances of rain,Rainy
82,31,26.98,68.2,Normal,No rain,Sunny and Moderately Humid
92,12,30.9,74.4,Caution,No rain,Sunny and Moderately Humid
89,82,43.99,85.4,Danger,Chances of rain,Cloudy
87,34,29.65,73.8,Caution,No rain,Sunny and Moderately Humid
78,70,26.68,72,Normal,No rain,Fair & Clear and Humid
97,15,33.7,80,Extreme caution,No rain,Sunny and Moderately Humid
81,26,26.41,66.2,Normal,No rain,Sunny and Moderately Humid
80,108,31.4,81.6,Caution,Chances of rain,Rainy
71,31,24.6,57.2,Normal,No rain,Fair & Clear and Moderately Humid
72,100,18.6,72,Normal,Chances of rain,Cloudy
96,51,42.45,86.2,Danger,No rain,Sunny and Humid
75,26,24.78,60.2,Normal,No rain,Fair & Clear and Moderately Humid
92,24,31.64,76.8,Caution,No rain,Sunny and Moderately Humid
85,106,43.66,86.2,Danger,Chances of rain,Rainy
74,91,22.26,72.2,Normal,Chances of rain,Cloudy
74,107,19.81,75.4,Normal,Chances of rain,Rainy
82,19,26.57,65.8,Normal,No rain,Sunny and Moderately Humid
77,68,25.99,70.6,Normal,No rain,Fair & Clear and Humid
89,48,33.32,78.6,Extreme caution,No rain,Sunny and Moderately Humid
72,35,24.84,59,Normal,No rain,Fair & Clear and Moderately Humid
79,105,29.01,80,Caution,Chances of rain,Rainy
85,32,28.39,71.4,Caution,No rain,Sunny and Moderately Humid
76,103,23.53,76.6,Normal,Chances of rain,Cloudy
83,29,27.3,68.8,Normal,No rain,Sunny and Moderately Humid
75,109,21.17,76.8,Normal,Chances of rain,Rainy
88,84,42.74,84.8,Danger,Chances of rain,Cloudy
76,70,25.36,70,Normal,No rain,Fair & Clear and Humid
85,37,28.79,72.4,Caution,No rain,Sunny and Moderately Humid
72,80,22.38,68,Normal,No rain,Fair & Clear and Humid
92,100,61.57,92,Danger,Chances of rain,Cloudy
95,83,58.59,91.6,Danger,Chances of rain,Rainy
81,49,27.56,70.8,Normal,No rain,Sunny and Moderately Humid
84,12,27.28,66.4,Normal,No rain,Sunny and Moderately Humid
78,102,27.01,78.4,Normal,Chances of rain,Cloudy
77,18,24.86,60.6,Normal,No rain,Fair & Clear and Moderately Humid
86,84,38.84,82.8,Extreme caution,Chances of rain,Cloudy
74,81,23.42,70.2,Normal,No rain,Fair & Clear and Humid
84,15,27.29,67,Normal,No rain,Sunny and Moderately Humid
87,37,29.98,74.4,Caution,No rain,Sunny and Moderately Humid
90,82,46.08,86.4,Danger,Chances of rain,Cloudy
82,88,32.74,79.6,Caution,Chances of rain,Cloudy
83,89,34.62,80.8,Extreme caution,Chances of rain,Rainy
96,79,58.37,91.8,Danger,Chances of rain,Cloudy
88,83,42.36,84.6,Danger,Chances of rain,Rainy
90,108,60.15,91.6,Danger,Chances of rain,Rainy
83,16,26.9,66.2,Normal,No rain,Sunny and Moderately Humid
81,109,33.91,82.8,Extreme caution,Chances of rain,Rainy
80,33,26.33,66.6,Normal,No rain,Sunny and Moderately Humid
95,91,64.43,93.2,Danger,Chances of rain,Rainy
96,50,42.02,86,Danger,No rain,Sunny and Humid
90,33,31.46,76.6,Caution,No rain,Sunny and Moderately Humid
71,102,17.03,71.4,Normal,Chances of rain,Cloudy
78,108,27.02,79.6,Normal,Chances of rain,Cloudy
77,20,24.96,61,Normal,No rain,Fair & Clear and Moderately Humid
85,81,36.26,81.2,Extreme caution,Chances of rain,Cloudy
80,108,31.4,81.6,Caution,Chances of rain,Rainy
83,81,33.12,79.2,Extreme caution,Chances of rain,Cloudy
76,47,25.57,65.4,Normal,No rain,Fair & Clear and Moderately Humid
75,55,25.3,66,Normal,No rain,Fair & Clear and Humid
75,79,24.28,70.8,Normal,No rain,Fair & Clear and Humid
82,71,30.36,76.2,Caution,No rain,Sunny and Humid
72,71,23.54,66.2,Normal,No rain,Fair & Clear and Humid
93,53,39.18,83.6,Extreme caution,No rain,Sunny and Humid
73,80,22.91,69,Normal,No rain,Fair & Clear and Humid
96,50,42.02,86,Danger,No rain,Sunny and Humid
79,104,28.96,79.8,Caution,Chances of rain,Cloudy
86,51,31.21,76.2,Caution,No rain,Sunny and Humid
72,35,24.84,59,Normal,No rain,Fair & Clear and Moderately Humid
78,27,25.51,63.4,Normal,No rain,Fair & Clear and Moderately Humid
89,77,41.99,84.4,Extreme caution,No rain,Sunny and Humid
86,55,31.89,77,Caution,No rain,Sunny and Humid
74,70,24.35,68,Normal,No rain,Fair & Clear and Humid
76,26,24.99,61.2,Normal,No rain,Fair & Clear and Moderately Humid
93,38,34.75,80.6,Extreme caution,No rain,Sunny and Moderately Humid
88,95,47.28,87,Danger,Chances of rain,Rainy
70,16,22.89,53.2,Normal,No rain,Fair & Clear and Moderately Humid
73,30,24.69,59,Normal,No rain,Fair & Clear and Moderately Humid
89,57,35.48,80.4,Extreme caution,No rain,Sunny and Humid
75,63,25.11,67.6,Normal,No rain,Fair & Clear and Humid
93,50,38.15,83,Extreme caution,No rain,Sunny and Humid
70,20,23.46,54,Normal,No rain,Fair & Clear and Moderately Humid
86,63,33.45,78.6,Extreme caution,No rain,Sunny and Humid
96,46,40.4,85.2,Extreme caution,No rain,Sunny and Moderately Humid
90,14,29.97,72.8,Caution,No rain,Sunny and Moderately Humid
96,38,37.64,83.6,Extreme caution,No rain,Sunny and Moderately Humid
74,99,21.13,73.8,Normal,Chances of rain,Cloudy
87,70,36.43,81,Extreme caution,No rain,Sunny and Humid
77,65,26,70,Normal,No rain,Fair & Clear and Humid
80,54,27.33,70.8,Normal,No rain,Sunny and Humid
87,88,42.15,84.6,Danger,Chances of rain,Cloudy
85,62,32.16,77.4,Caution,No rain,Sunny and Humid
94,66,46.27,87.2,Danger,No rain,Sunny and Humid
83,91,35.02,81.2,Extreme caution,Chances of rain,Cloudy
85,30,28.25,71,Caution,No rain,Sunny and Moderately Humid
80,11,25.64,62.2,Normal,No rain,Sunny and Moderately Humid
94,39,35.94,81.8,Extreme caution,No rain,Sunny and Moderately Humid
70,77,22.15,65.4,Normal,No rain,Fair & Clear and Humid
71,101,17.3,71.2,Normal,Chances of rain,Rainy
85,46,29.74,74.2,Caution,No rain,Sunny and Moderately Humid
88,43,31.52,76.6,Caution,No rain,Sunny and Moderately Humid
82,27,26.81,67.4,Normal,No rain,Sunny and Moderately Humid
88,107,52.97,89.4,Danger,Chances of rain,Cloudy
87,108,50.32,88.6,Danger,Chances of rain,Rainy
81,44,27.25,69.8,Normal,No rain,Sunny and Moderately Humid
95,12,32.4,77.4,Caution,No rain,Sunny and Moderately Humid
95,38,36.63,82.6,Extreme caution,No rain,Sunny and Moderately Humid
83,94,35.64,81.8,Extreme caution,Chances of rain,Cloudy
89,51,33.99,79.2,Extreme caution,No rain,Sunny and Humid
74,91,22.26,72.2,Normal,Chances of rain,Rainy
97,83,64.04,93.6,Danger,Chances of rain,Rainy
78,87,26.91,75.4,Normal,Chances of rain,Rainy
78,80,26.83,74,Normal,No rain,Fair & Clear and Humid
90,58,36.98,81.6,Extreme caution,No rain,Sunny and Humid
95,87,61.44,92.4,Danger,Chances of rain,Rainy
93,103,67.09,93.6,Danger,Chances of rain,Cloudy
78,105,27.02,79,Normal,Chances of rain,Cloudy
87,92,43.63,85.4,Danger,Chances of rain,Cloudy
94,77,52.28,89.4,Danger,Chances of rain,Rainy
94,24,32.91,78.8,Caution,No rain,Sunny and Moderately Humid
96,44,39.65,84.8,Extreme caution,No rain,Sunny and Moderately Humid
79,39,26.23,66.8,Normal,No rain,Fair & Clear and Moderately Humid
90,108,60.15,91.6,Danger,Chances of rain,Rainy
72,11,22.72,54.2,Normal,No rain,Fair & Clear and Moderately Humid
79,65,27.25,72,Normal,No rain,Fair & Clear and Humid
96,106,80.92,97.2,Danger,Chances of rain,Rainy
93,54,39.54,83.8,Extreme caution,No rain,Sunny and Humid
97,28,35.85,82.6,Extreme caution,No rain,Sunny and Moderately Humid
74,84,23.1,70.8,Normal,Chances of rain,Cloudy
70,77,22.15,65.4,Normal,No rain,Fair & Clear and Humid
83,30,27.34,69,Normal,No rain,Sunny and Moderately Humid
81,107,33.62,82.4,Extreme caution,Chances of rain,Cloudy
89,49,33.54,78.8,Extreme caution,No rain,Sunny and Moderately Humid
81,39,26.98,68.8,Normal,No rain,Sunny and Moderately Humid
78,39,25.92,65.8,Normal,No rain,Fair & Clear and Moderately Humid
92,45,35.55,81,Extreme caution,No rain,Sunny and Moderately Humid
92,71,45,86.2,Danger,No rain,Sunny and Humid
82,65,29.66,75,Caution,No rain,Sunny and Humid
70,95,18.09,69,Normal,Chances of rain,Rainy
80,69,28.24,73.8,Caution,No rain,Sunny and Humid
84,70,32.49,78,Caution,No rain,Sunny and Humid
77,86,25.76,74.2,Normal,Chances of rain,Rainy
93,99,64.11,92.8,Danger,Chances of rain,Cloudy
86,26,28.5,71.2,Caution,No rain,Sunny and Moderately Humid
75,65,25.04,68,Normal,No rain,Fair & Clear and Humid
81,35,26.78,68,Normal,No rain,Sunny and Moderately Humid
94,17,32.17,77.4,Caution,No rain,Sunny and Moderately Humid
70,94,18.36,68.8,Normal,Chances of rain,Cloudy
94,28,33.53,79.6,Extreme caution,No rain,Sunny and Moderately Humid
87,37,29.98,74.4,Caution,No rain,Sunny and Moderately Humid
88,95,47.28,87,Danger,Chances of rain,Rainy
75,27,24.83,60.4,Normal,No rain,Fair & Clear and Moderately Humid
71,72,23.16,65.4,Normal,No rain,Fair & Clear and Humid
93,19,31.76,76.8,Caution,No rain,Sunny and Moderately Humid
76,56,25.59,67.2,Normal,No rain,Fair & Clear and Humid
86,85,39.14,83,Extreme caution,Chances of rain,Rainy
81,26,26.41,66.2,Normal,No rain,Sunny and Moderately Humid
77,53,25.93,67.6,Normal,No rain,Fair & Clear and Humid
97,75,58.02,92,Danger,No rain,Sunny and Humid
75,77,24.42,70.4,Normal,No rain,Fair & Clear and Humid
85,24,27.94,69.8,Normal,No rain,Sunny and Moderately Humid
96,30,35.49,82,Extreme caution,No rain,Sunny and Moderately Humid
83,74,31.94,77.8,Caution,No rain,Sunny and Humid
73,105,18.72,74,Normal,Chances of rain,Rainy
90,42,32.98,78.4,Caution,No rain,Sunny and Moderately Humid
79,61,27.09,71.2,Normal,No rain,Fair & Clear and Humid
88,51,33.01,78.2,Extreme caution,No rain,Sunny and Humid
91,54,37.01,81.8,Extreme caution,No rain,Sunny and Humid
90,13,29.95,72.6,Caution,No rain,Sunny and Moderately Humid
97,52,44.35,87.4,Danger,No rain,Sunny and Humid
80,33,26.33,66.6,Normal,No rain,Sunny and Moderately Humid
78,65,26.59,71,Normal,No rain,Fair & Clear and Humid
71,52,24.86,61.4,Normal,No rain,Fair & Clear and Humid
71,32,24.66,57.4,Normal,No rain,Fair & Clear and Moderately Humid
86,96,42.75,85.2,Danger,Chances of rain,Rainy
88,83,42.36,84.6,Danger,Chances of rain,Cloudy
71,75,22.74,66,Normal,No rain,Fair & Clear and Humid
95,64,47.06,87.8,Danger,No rain,Sunny and Humid
93,18,31.68,76.6,Caution,No rain,Sunny and Moderately Humid
71,38,24.92,58.6,Normal,No rain,Fair & Clear and Moderately Humid
76,49,25.59,65.8,Normal,No rain,Fair & Clear and Moderately Humid
96,32,35.97,82.4,Extreme caution,No rain,Sunny and Moderately Humid
72,57,24.69,63.4,Normal,No rain,Fair & Clear and Humid
86,45,30.32,75,Caution,No rain,Sunny and Moderately Humid
79,99,28.73,78.8,Caution,Chances of rain,Rainy
70,60,24.38,62,Normal,No rain,Fair & Clear and Humid
96,104,79,96.8,Danger,Chances of rain,Cloudy
95,52,41.48,85.4,Extreme caution,No rain,Sunny and Humid
75,75,24.55,70,Normal,No rain,Fair & Clear and Humid
91,19,30.66,74.8,Caution,No rain,Sunny and Moderately Humid
75,16,24.16,58.2,Normal,No rain,Fair & Clear and Moderately Humid
94,98,66.65,93.6,Danger,Chances of rain,Cloudy
72,96,19.49,71.2,Normal,Chances of rain,Rainy
86,75,36.3,81,Extreme caution,No rain,Sunny and Humid
73,90,21.49,71,Normal,Chances of rain,Rainy
75,93,23.09,73.6,Normal,Chances of rain,Cloudy
93,43,36.03,81.6,Extreme caution,No rain,Sunny and Moderately Humid
74,65,24.66,67,Normal,No rain,Fair & Clear and Humid
74,57,25.01,65.4,Normal,No rain,Fair & Clear and Humid
84,103,40.09,84.6,Extreme caution,Chances of rain,Rainy
97,107,86.01,98.4,Danger,Chances of rain,Rainy
90,11,29.94,72.2,Caution,No rain,Sunny and Moderately Humid
80,77,28.8,75.4,Caution,No rain,Sunny and Humid
94,46,38.01,83.2,Extreme caution,No rain,Sunny and Moderately Humid
79,17,25.45,62.4,Normal,No rain,Fair & Clear and Moderately Humid
76,90,24.47,74,Normal,Chances of rain,Rainy
81,100,32.65,81,Caution,Chances of rain,Rainy
79,29,25.87,64.8,Normal,No rain,Fair & Clear and Moderately Humid
73,40,25.03,61,Normal,No rain,Fair & Clear and Moderately Humid
85,48,29.99,74.6,Caution,No rain,Sunny and Moderately Humid
91,36,32.67,78.2,Caution,No rain,Sunny and Moderately Humid
72,23,24.08,56.6,Normal,No rain,Fair & Clear and Moderately Humid
77,36,25.57,64.2,Normal,No rain,Fair & Clear and Moderately Humid
76,92,24.34,74.4,Normal,Chances of rain,Rainy
73,46,25.07,62.2,Normal,No rain,Fair & Clear and Moderately Humid
89,51,33.99,79.2,Extreme caution,No rain,Sunny and Humid
87,81,39.74,83.2,Extreme caution,Chances of rain,Rainy
93,79,51.17,88.8,Danger,Chances of rain,Rainy
89,22,29.78,73.4,Caution,No rain,Sunny and Moderately Humid
97,26,35.41,82.2,Extreme caution,No rain,Sunny and Moderately Humid
75,100,22.32,75,Normal,Chances of rain,Rainy
78,108,27.02,79.6,Normal,Chances of rain,Rainy
73,31,24.74,59.2,Normal,No rain,Fair & Clear and Moderately Humid
86,11,28.14,68.2,Caution,No rain,Sunny and Moderately Humid
80,43,26.77,68.6,Normal,No rain,Sunny and Moderately Humid
77,102,25.26,77.4,Normal,Chances of rain,Rainy
82,46,27.89,71.2,Normal,No rain,Sunny and Moderately Humid
88,50,32.8,78,Caution,No rain,Sunny and Humid
97,16,33.8,80.2,Extreme caution,No rain,Sunny and Moderately Humid
96,101,76.21,96.2,Danger,Chances of rain,Rainy
89,28,30.24,74.6,Caution,No rain,Sunny and Moderately Humid
79,31,25.94,65.2,Normal,No rain,Fair & Clear and Moderately Humid
86,108,47.28,87.6,Danger,Chances of rain,Cloudy
94,92,62.16,92.4,Danger,Chances of rain,Rainy
86,98,43.47,85.6,Danger,Chances of rain,Cloudy
75,33,25.08,61.6,Normal,No rain,Fair & Clear and Moderately Humid
88,51,33.01,78.2,Extreme caution,No rain,Sunny and Humid
86,28,28.62,71.6,Caution,No rain,Sunny and Moderately Humid
79,76,27.71,74.2,Normal,No rain,Fair & Clear and Humid
77,100,25.33,77,Normal,Chances of rain,Rainy
94,101,69.02,94.2,Danger,Chances of rain,Cloudy
81,32,26.64,67.4,Normal,No rain,Sunny and Moderately Humid
90,18,30.09,73.6,Caution,No rain,Sunny and Moderately Humid
85,66,32.91,78.2,Caution,No rain,Sunny and Humid
77,33,25.48,63.6,Normal,No rain,Fair & Clear and Moderately Humid
75,45,25.34,64,Normal,No rain,Fair & Clear and Moderately Humid
74,24,24.48,58.8,Normal,No rain,Fair & Clear and Moderately Humid
97,106,84.98,98.2,Danger,Chances of rain,Rainy
84,99,38.99,83.8,Extreme caution,Chances of rain,Cloudy
79,103,28.92,79.6,Caution,Chances of rain,Cloudy
85,105,43.32,86,Danger,Chances of rain,Rainy
97,16,33.8,80.2,Extreme caution,No rain,Sunny and Moderately Humid
80,25,26.04,65,Normal,No rain,Sunny and Moderately Humid
93,99,64.11,92.8,Danger,Chances of rain,Cloudy
80,79,28.94,75.8,Caution,No rain,Sunny and Humid
77,69,25.99,70.8,Normal,No rain,Fair & Clear and Humid
90,88,48.94,87.6,Danger,Chances of rain,Rainy
86,89,40.39,83.8,Extreme caution,Chances of rain,Cloudy
88,99,49.09,87.8,Danger,Chances of rain,Rainy
72,21,23.89,56.2,Normal,No rain,Fair & Clear and Moderately Humid
84,84,35.3,80.8,Extreme caution,Chances of rain,Cloudy
73,27,24.51,58.4,Normal,No rain,Fair & Clear and Moderately Humid
77,98,25.41,76.6,Normal,Chances of rain,Rainy
80,66,28.04,73.2,Caution,No rain,Sunny and Humid
81,48,27.5,70.6,Normal,No rain,Sunny and Moderately Humid
83,91,35.02,81.2,Extreme caution,Chances of rain,Rainy
76,42,25.5,64.4,Normal,No rain,Fair & Clear and Moderately Humid
71,95,18.84,70,Normal,Chances of rain,Rainy
94,24,32.91,78.8,Caution,No rain,Sunny and Moderately Humid
82,49,28.12,71.8,Caution,No rain,Sunny and Moderately Humid
90,68,40.32,83.6,Extreme caution,No rain,Sunny and Humid
73,79,23.03,68.8,Normal,No rain,Fair & Clear and Humid
77,77,25.92,72.4,Normal,No rain,Fair & Clear and Humid
91,59,38.61,82.8,Extreme caution,No rain,Sunny and Humid
91,108,63.65,92.6,Danger,Chances of rain,Cloudy
74,82,23.31,70.4,Normal,Chances of rain,Cloudy
90,106,58.91,91.2,Danger,Chances of rain,Rainy
96,78,57.67,91.6,Danger,Chances of rain,Cloudy
95,68,49.21,88.6,Danger,No rain,Sunny and Humid
72,20,23.79,56,Normal,No rain,Fair & Clear and Moderately Humid
88,99,49.09,87.8,Danger,Chances of rain,Rainy
93,24,32.27,77.8,Caution,No rain,Sunny and Moderately Humid
93,106,69.41,94.2,Danger,Chances of rain,Rainy
75,14,24.01,57.8,Normal,No rain,Fair & Clear and Moderately Humid
82,61,29.23,74.2,Caution,No rain,Sunny and Humid
85,12,27.7,67.4,Normal,No rain,Sunny and Moderately Humid
88,34,30.27,74.8,Caution,No rain,Sunny and Moderately Humid
91,60,38.96,83,Extreme caution,No rain,Sunny and Humid
86,26,28.5,71.2,Caution,No rain,Sunny and Moderately Humid
79,57,26.92,70.4,Normal,No rain,Fair & Clear and Humid
87,34,29.65,73.8,Caution,No rain,Sunny and Moderately Humid
78,39,25.92,65.8,Normal,No rain,Fair & Clear and Moderately Humid
79,16,25.42,62.2,Normal,No rain,Fair & Clear and Moderately Humid
91,95,55.36,90,Danger,Chances of rain,Cloudy
75,95,22.88,74,Normal,Chances of rain,Cloudy
80,95,30.22,79,Caution,Chances of rain,Cloudy
73,107,18.29,74.4,Normal,Chances of rain,Cloudy
91,22,30.87,75.4,Caution,No rain,Sunny and Moderately Humid
87,37,29.98,74.4,Caution,No rain,Sunny and Moderately Humid
74,72,24.21,68.4,Normal,No rain,Fair & Clear and Humid
75,35,25.15,62,Normal,No rain,Fair & Clear and Moderately Humid
72,57,24.69,63.4,Normal,No rain,Fair & Clear and Humid
97,24,35,81.8,Extreme caution,No rain,Sunny and Moderately Humid
78,87,26.91,75.4,Normal,Chances of rain,Cloudy
84,95,37.93,83,Extreme caution,Chances of rain,Rainy
89,99,51.89,88.8,Danger,Chances of rain,Rainy
76,49,25.59,65.8,Normal,No rain,Fair & Clear and Moderately Humid
79,49,26.61,68.8,Normal,No rain,Fair & Clear and Moderately Humid
87,64,34.87,79.8,Extreme caution,No rain,Sunny and Humid
76,23,24.84,60.6,Normal,No rain,Fair & Clear and Moderately Humid
76,98,23.93,75.6,Normal,Chances of rain,Cloudy
90,21,30.25,74.2,Caution,No rain,Sunny and Moderately Humid
87,93,44.01,85.6,Danger,Chances of rain,Cloudy
86,34,29.08,72.8,Caution,No rain,Sunny and Moderately Humid
76,30,25.15,62,Normal,No rain,Fair & Clear and Moderately Humid
74,69,24.42,67.8,Normal,No rain,Fair & Clear and Humid
91,106,62.3,92.2,Danger,Chances of rain,Cloudy
90,103,57.1,90.6,Danger,Chances of rain,Cloudy
92,30,32.42,78,Caution,No rain,Sunny and Moderately Humid
90,93,51.5,88.6,Danger,Chances of rain,Rainy
84,88,36.21,81.6,Extreme caution,Chances of rain,Cloudy
89,64,37.49,81.8,Extreme caution,No rain,Sunny and Humid
81,95,32,80,Caution,Chances of rain,Cloudy
87,60,33.92,79,Extreme caution,No rain,Sunny and Humid
70,92,18.89,68.4,Normal,Chances of rain,Cloudy
89,76,41.61,84.2,Extreme caution,No rain,Sunny and Humid
86,34,29.08,72.8,Caution,No rain,Sunny and Moderately Humid
92,18,31.14,75.6,Caution,No rain,Sunny and Moderately Humid
92,27,31.99,77.4,Caution,No rain,Sunny and Moderately Humid
89,94,49.39,87.8,Danger,Chances of rain,Rainy
85,40,29.07,73,Caution,No rain,Sunny and Moderately Humid
88,25,29.44,73,Caution,No rain,Sunny and Moderately Humid
76,97,24,75.4,Normal,Chances of rain,Cloudy
81,22,26.28,65.4,Normal,No rain,Sunny and Moderately Humid
88,59,34.83,79.8,Extreme caution,No rain,Sunny and Humid
79,35,26.08,66,Normal,No rain,Fair & Clear and Moderately Humid
89,22,29.78,73.4,Caution,No rain,Sunny and Moderately Humid
77,51,25.9,67.2,Normal,No rain,Fair & Clear and Humid
97,61,49.06,89.2,Danger,No rain,Sunny and Humid
77,16,24.76,60.2,Normal,No rain,Fair & Clear and Moderately Humid
95,72,51.51,89.4,Danger,No rain,Sunny and Humid
82,43,27.67,70.6,Normal,No rain,Sunny and Moderately Humid
90,21,30.25,74.2,Caution,No rain,Sunny and Moderately Humid
70,39,24.98,57.8,Normal,No rain,Fair & Clear and Moderately Humid
71,103,16.75,71.6,Normal,Chances of rain,Cloudy
71,91,19.77,69.2,Normal,Chances of rain,Cloudy
90,64,38.91,82.8,Extreme caution,No rain,Sunny and Humid
94,33,34.49,80.6,Extreme caution,No rain,Sunny and Moderately Humid
89,35,31.05,76,Caution,No rain,Sunny and Moderately Humid
85,107,44,86.4,Danger,Chances of rain,Rainy
75,101,22.2,75.2,Normal,Chances of rain,Cloudy
76,66,25.46,69.2,Normal,No rain,Fair & Clear and Humid
77,91,25.63,75.2,Normal,Chances of rain,Cloudy
94,52,40.12,84.4,Extreme caution,No rain,Sunny and Humid
89,66,38.12,82.2,Extreme caution,No rain,Sunny and Humid
90,52,35.29,80.4,Extreme caution,No rain,Sunny and Humid
71,63,24.16,63.6,Normal,No rain,Fair & Clear and Humid
79,98,28.69,78.6,Caution,Chances of rain,Rainy
82,13,26.46,64.6,Normal,No rain,Sunny and Moderately Humid
72,60,24.51,64,Normal,No rain,Fair & Clear and Humid
71,38,24.92,58.6,Normal,No rain,Fair & Clear and Moderately Humid
72,68,23.86,65.6,Normal,No rain,Fair & Clear and Humid
77,101,25.3,77.2,Normal,Chances of rain,Cloudy
93,43,36.03,81.6,Extreme caution,No rain,Sunny and Moderately Humid
94,16,32.1,77.2,Caution,No rain,Sunny and Moderately Humid
79,94,28.5,77.8,Caution,Chances of rain,Cloudy
72,10,22.58,54,Normal,No rain,Fair & Clear and Moderately Humid
75,109,21.17,76.8,Normal,Chances of rain,Rainy
83,107,38.58,84.4,Extreme caution,Chances of rain,Rainy
93,16,31.55,76.2,Caution,No rain,Sunny and Moderately Humid
93,82,52.9,89.4,Danger,Chances of rain,Rainy
90,71,41.45,84.2,Extreme caution,No rain,Sunny and Humid
97,91,70.71,95.2,Danger,Chances of rain,Rainy
85,11,27.7,67.2,Normal,No rain,Sunny and Moderately Humid
95,106,76.97,96.2,Danger,Chances of rain,Rainy
71,13,22.69,53.6,Normal,No rain,Fair & Clear and Moderately Humid
82,21,26.62,66.2,Normal,No rain,Sunny and Moderately Humid
74,15,23.79,57,Normal,No rain,Fair & Clear and Moderately Humid
89,82,43.99,85.4,Danger,Chances of rain,Rainy
78,78,26.81,73.6,Normal,No rain,Fair & Clear and Humid
95,86,60.71,92.2,Danger,Chances of rain,Cloudy
76,75,25.2,71,Normal,No rain,Fair & Clear and Humid
81,101,32.78,81.2,Caution,Chances of rain,Cloudy
95,59,44.57,86.8,Danger,No rain,Sunny and Humid
94,25,33.05,79,Extreme caution,No rain,Sunny and Moderately Humid
83,88,34.43,80.6,Extreme caution,Chances of rain,Rainy
83,67,30.89,76.4,Caution,No rain,Sunny and Humid
89,58,35.75,80.6,Extreme caution,No rain,Sunny and Humid
70,108,14.06,71.6,Normal,Chances of rain,Cloudy
93,51,38.49,83.2,Extreme caution,No rain,Sunny and Humid
75,42,25.31,63.4,Normal,No rain,Fair & Clear and Moderately Humid
96,40,38.27,84,Extreme caution,No rain,Sunny and Moderately Humid
71,39,24.95,58.8,Normal,No rain,Fair & Clear and Moderately Humid
92,92,56.37,90.4,Danger,Chances of rain,Rainy
92,100,61.57,92,Danger,Chances of rain,Cloudy
90,86,47.96,87.2,Danger,Chances of rain,Cloudy
95,16,32.65,78.2,Caution,No rain,Sunny and Moderately Humid
79,27,25.8,64.4,Normal,No rain,Fair & Clear and Moderately Humid
82,60,29.13,74,Caution,No rain,Sunny and Humid
77,14,24.66,59.8,Normal,No rain,Fair & Clear and Moderately Humid
85,101,41.99,85.2,Extreme caution,Chances of rain,Cloudy
75,88,23.57,72.6,Normal,Chances of rain,Cloudy
84,46,29.07,73.2,Caution,No rain,Sunny and Moderately Humid
89,32,30.67,75.4,Caution,No rain,Sunny and Moderately Humid
82,77,31.14,77.4,Caution,No rain,Sunny and Humid
75,16,24.16,58.2,Normal,No rain,Fair & Clear and Moderately Humid
91,68,41.95,84.6,Extreme caution,No rain,Sunny and Humid
73,75,23.48,68,Normal,No rain,Fair & Clear and Humid
79,83,28.01,75.6,Caution,Chances of rain,Rainy
87,42,30.62,75.4,Caution,No rain,Sunny and Moderately Humid
85,76,35.05,80.2,Extreme caution,No rain,Sunny and Humid
95,94,66.77,93.8,Danger,Chances of rain,Rainy
84,41,28.58,72.2,Caution,No rain,Sunny and Moderately Humid
76,34,25.29,62.8,Normal,No rain,Fair & Clear and Moderately Humid
97,21,34.48,81.2,Extreme caution,No rain,Sunny and Moderately Humid
76,101,23.69,76.2,Normal,Chances of rain,Cloudy
93,77,50.05,88.4,Danger,Chances of rain,Rainy
89,51,33.99,79.2,Extreme caution,No rain,Sunny and Humid
90,67,39.96,83.4,Extreme caution,No rain,Sunny and Humid
77,107,25.05,78.4,Normal,Chances of rain,Cloudy
95,28,34.27,80.6,Extreme caution,No rain,Sunny and Moderately Humid
70,106,14.74,71.2,Normal,Chances of rain,Cloudy
78,20,25.25,62,Normal,No rain,Fair & Clear and Moderately Humid
87,28,29.13,72.6,Caution,No rain,Sunny and Moderately Humid
82,72,30.49,76.4,Caution,No rain,Sunny and Humid
89,83,44.41,85.6,Danger,Chances of rain,Rainy
82,64,29.55,74.8,Caution,No rain,Sunny and Humid
83,31,27.39,69.2,Normal,No rain,Sunny and Moderately Humid
83,29,27.3,68.8,Normal,No rain,Sunny and Moderately Humid
79,109,29.2,80.8,Caution,Chances of rain,Rainy
97,63,50.22,89.6,Danger,No rain,Sunny and Humid
72,56,24.74,63.2,Normal,No rain,Fair & Clear and Humid
94,83,56,90.6,Danger,Chances of rain,Cloudy
70,19,23.32,53.8,Normal,No rain,Fair & Clear and Moderately Humid
91,78,46.32,86.6,Danger,Chances of rain,Cloudy
78,55,26.37,69,Normal,No rain,Fair & Clear and Humid
72,105,17.39,73,Normal,Chances of rain,Rainy
77,22,25.05,61.4,Normal,No rain,Fair & Clear and Moderately Humid
82,99,34.57,81.8,Extreme caution,Chances of rain,Rainy
96,48,41.19,85.6,Extreme caution,No rain,Sunny and Moderately Humid
80,69,28.24,73.8,Caution,No rain,Sunny and Humid
81,25,26.38,66,Normal,No rain,Sunny and Moderately Humid
95,45,38.83,84,Extreme caution,No rain,Sunny and Moderately Humid
88,96,47.73,87.2,Danger,Chances of rain,Cloudy
77,30,25.37,63,Normal,No rain,Fair & Clear and Moderately Humid
89,76,41.61,84.2,Extreme caution,No rain,Sunny and Humid
83,107,38.58,84.4,Extreme caution,Chances of rain,Rainy
87,57,33.27,78.4,Extreme caution,No rain,Sunny and Humid
77,105,25.13,78,Normal,Chances of rain,Cloudy
71,76,22.59,66.2,Normal,No rain,Fair & Clear and Humid
93,88,56.59,90.6,Danger,Chances of rain,Rainy
72,62,24.37,64.4,Normal,No rain,Fair & Clear and Humid
74,80,23.52,70,Normal,No rain,Fair & Clear and Humid
95,74,52.71,89.8,Danger,No rain,Sunny and Humid
89,89,47.03,86.8,Danger,Chances of rain,Rainy
86,102,44.94,86.4,Danger,Chances of rain,Cloudy
79,10,25.22,61,Normal,No rain,Fair & Clear and Moderately Humid
71,54,24.78,61.8,Normal,No rain,Fair & Clear and Humid
75,19,24.37,58.8,Normal,No rain,Fair & Clear and Moderately Humid
82,27,26.81,67.4,Normal,No rain,Sunny and Moderately Humid
88,72,38.53,82.4,Extreme caution,No rain,Sunny and Humid
91,16,30.51,74.2,Caution,No rain,Sunny and Moderately Humid
73,20,23.99,57,Normal,No rain,Fair & Clear and Moderately Humid
81,13,26.07,63.6,Normal,No rain,Sunny and Moderately Humid
86,53,31.54,76.6,Caution,No rain,Sunny and Humid
94,26,33.2,79.2,Extreme caution,No rain,Sunny and Moderately Humid
90,69,40.69,83.8,Extreme caution,No rain,Sunny and Humid
79,95,28.55,78,Caution,Chances of rain,Cloudy
75,58,25.25,66.6,Normal,No rain,Fair & Clear and Humid
80,95,30.22,79,Caution,Chances of rain,Rainy
94,90,60.73,92,Danger,Chances of rain,Cloudy
86,61,33.03,78.2,Extreme caution,No rain,Sunny and Humid
89,101,52.93,89.2,Danger,Chances of rain,Rainy
80,105,31.12,81,Caution,Chances of rain,Cloudy
83,69,31.18,76.8,Caution,No rain,Sunny and Humid
72,80,22.38,68,Normal,No rain,Fair & Clear and Humid
79,89,28.28,76.8,Caution,Chances of rain,Cloudy
90,17,30.05,73.4,Caution,No rain,Sunny and Moderately Humid
90,65,39.25,83,Extreme caution,No rain,Sunny and Humid
95,25,33.74,80,Extreme caution,No rain,Sunny and Moderately Humid
87,101,47.24,87.2,Danger,Chances of rain,Rainy
93,44,36.31,81.8,Extreme caution,No rain,Sunny and Moderately Humid
79,49,26.61,68.8,Normal,No rain,Fair & Clear and Moderately Humid
78,72,26.72,72.4,Normal,No rain,Fair & Clear and Humid
90,49,34.53,79.8,Extreme caution,No rain,Sunny and Moderately Humid
76,58,25.58,67.6,Normal,No rain,Fair & Clear and Humid
76,49,25.59,65.8,Normal,No rain,Fair & Clear and Moderately Humid
86,16,28.15,69.2,Caution,No rain,Sunny and Moderately Humid
95,35,35.83,82,Extreme caution,No rain,Sunny and Moderately Humid
92,74,46.42,86.8,Danger,No rain,Sunny and Humid
78,85,26.89,75,Normal,Chances of rain,Rainy
83,75,32.11,78,Caution,No rain,Sunny and Humid
70,29,24.42,55.8,Normal,No rain,Fair & Clear and Moderately Humid
89,50,33.76,79,Extreme caution,No rain,Sunny and Humid
92,82,50.54,88.4,Danger,Chances of rain,Rainy
70,92,18.89,68.4,Normal,Chances of rain,Rainy
90,96,53.11,89.2,Danger,Chances of rain,Cloudy
97,58,47.4,88.6,Danger,No rain,Sunny and Humid
85,10,27.71,67,Normal,No rain,Sunny and Moderately Humid
79,90,28.32,77,Caution,Chances of rain,Cloudy
71,84,21.22,67.8,Normal,Chances of rain,Rainy
93,10,31.36,75,Caution,No rain,Sunny and Moderately Humid
83,95,35.85,82,Extreme caution,Chances of rain,Rainy
79,65,27.25,72,Normal,No rain,Fair & Clear and Humid
76,37,25.38,63.4,Normal,No rain,Fair & Clear and Moderately Humid
92,49,36.67,81.8,Extreme caution,No rain,Sunny and Moderately Humid
72,87,21.25,69.4,Normal,Chances of rain,Rainy
71,88,20.42,68.6,Normal,Chances of rain,Cloudy
72,58,24.63,63.6,Normal,No rain,Fair & Clear and Humid
97,100,78.99,97,Danger,Chances of rain,Rainy
73,26,24.45,58.2,Normal,No rain,Fair & Clear and Moderately Humid
82,27,26.81,67.4,Normal,No rain,Sunny and Moderately Humid
70,91,19.14,68.2,Normal,Chances of rain,Cloudy
88,75,39.51,83,Extreme caution,No rain,Sunny and Humid
85,29,28.19,70.8,Caution,No rain,Sunny and Moderately Humid
94,104,71.46,94.8,Danger,Chances of rain,Rainy
81,100,32.65,81,Caution,Chances of rain,Cloudy
77,14,24.66,59.8,Normal,No rain,Fair & Clear and Moderately Humid
88,32,30.05,74.4,Caution,No rain,Sunny and Moderately Humid
93,18,31.68,76.6,Caution,No rain,Sunny and Moderately Humid
95,12,32.4,77.4,Caution,No rain,Sunny and Moderately Humid
80,107,31.31,81.4,Caution,Chances of rain,Rainy
92,105,65.07,93,Danger,Chances of rain,Cloudy
76,30,25.15,62,Normal,No rain,Fair & Clear and Moderately Humid
80,60,27.67,72,Normal,No rain,Sunny and Humid
87,78,38.78,82.6,Extreme caution,No rain,Sunny and Humid
84,102,39.81,84.4,Extreme caution,Chances of rain,Cloudy
82,13,26.46,64.6,Normal,No rain,Sunny and Moderately Humid
78,104,27.02,78.8,Normal,Chances of rain,Rainy
78,109,27.02,79.8,Normal,Chances of rain,Cloudy
84,99,38.99,83.8,Extreme caution,Chances of rain,Cloudy
90,48,34.29,79.6,Extreme caution,No rain,Sunny and Moderately Humid
74,65,24.66,67,Normal,No rain,Fair & Clear and Humid
77,90,25.66,75,Normal,Chances of rain,Cloudy
86,58,32.44,77.6,Caution,No rain,Sunny and Humid
88,29,29.76,73.8,Caution,No rain,Sunny and Moderately Humid
85,28,28.13,70.6,Caution,No rain,Sunny and Moderately Humid
88,69,37.59,81.8,Extreme caution,No rain,Sunny and Humid
90,91,50.46,88.2,Danger,Chances of rain,Cloudy
72,45,25.02,61,Normal,No rain,Fair & Clear and Moderately Humid
89,20,29.67,73,Caution,No rain,Sunny and Moderately Humid
87,56,33.06,78.2,Extreme caution,No rain,Sunny and Humid
94,92,62.16,92.4,Danger,Chances of rain,Cloudy
72,79,22.53,67.8,Normal,No rain,Fair & Clear and Humid
91,79,46.8,86.8,Danger,Chances of rain,Rainy
82,68,30,75.6,Caution,No rain,Sunny and Humid
75,33,25.08,61.6,Normal,No rain,Fair & Clear and Moderately Humid
93,62,42.71,85.4,Danger,No rain,Sunny and Humid
96,37,37.33,83.4,Extreme caution,No rain,Sunny and Moderately Humid
94,15,32.03,77,Caution,No rain,Sunny and Moderately Humid
81,24,26.34,65.8,Normal,No rain,Sunny and Moderately Humid
97,57,46.87,88.4,Danger,No rain,Sunny and Humid
86,50,31.05,76,Caution,No rain,Sunny and Humid
81,66,28.87,74.2,Caution,No rain,Sunny and Humid
90,57,36.68,81.4,Extreme caution,No rain,Sunny and Humid
79,16,25.42,62.2,Normal,No rain,Fair & Clear and Moderately Humid
71,17,23.25,54.4,Normal,No rain,Fair & Clear and Moderately Humid
75,14,24.01,57.8,Normal,No rain,Fair & Clear and Moderately Humid
82,81,31.69,78.2,Caution,Chances of rain,Cloudy
75,69,24.87,68.8,Normal,No rain,Fair & Clear and Humid
81,60,28.37,73,Caution,No rain,Sunny and Humid
72,67,23.95,65.4,Normal,No rain,Fair & Clear and Humid
86,45,30.32,75,Caution,No rain,Sunny and Moderately Humid
82,91,33.21,80.2,Extreme caution,Chances of rain,Cloudy
72,97,19.27,71.4,Normal,Chances of rain,Rainy
79,107,29.11,80.4,Caution,Chances of rain,Cloudy
83,101,37.17,83.2,Extreme caution,Chances of rain,Cloudy
81,30,26.56,67,Normal,No rain,Sunny and Moderately Humid
91,72,43.61,85.4,Danger,No rain,Sunny and Humid
92,105,65.07,93,Danger,Chances of rain,Cloudy
92,49,36.67,81.8,Extreme caution,No rain,Sunny and Moderately Humid
81,30,26.56,67,Normal,No rain,Sunny and Moderately Humid
75,66,25,68.2,Normal,No rain,Fair & Clear and Humid
82,51,28.29,72.2,Caution,No rain,Sunny and Humid
74,91,22.26,72.2,Normal,Chances of rain,Cloudy
71,27,24.31,56.4,Normal,No rain,Fair & Clear and Moderately Humid
80,99,30.57,79.8,Caution,Chances of rain,Rainy
91,80,47.28,87,Danger,Chances of rain,Cloudy
70,37,24.91,57.4,Normal,No rain,Fair & Clear and Moderately Humid
90,63,38.57,82.6,Extreme caution,No rain,Sunny and Humid
82,108,36.24,83.6,Extreme caution,Chances of rain,Cloudy
70,25,24.05,55,Normal,No rain,Fair & Clear and Moderately Humid
90,100,55.35,90,Danger,Chances of rain,Rainy
95,56,43.19,86.2,Danger,No rain,Sunny and Humid
92,80,49.47,88,Danger,Chances of rain,Cloudy
86,107,46.88,87.4,Danger,Chances of rain,Rainy
73,34,24.87,59.8,Normal,No rain,Fair & Clear and Moderately Humid
90,78,44.31,85.6,Danger,Chances of rain,Rainy
71,88,20.42,68.6,Normal,Chances of rain,Cloudy
70,98,17.24,69.6,Normal,Chances of rain,Rainy
72,13,22.98,54.6,Normal,No rain,Fair & Clear and Moderately Humid
74,97,21.43,73.4,Normal,Chances of rain,Cloudy
72,96,19.49,71.2,Normal,Chances of rain,Rainy
71,105,16.18,72,Normal,Chances of rain,Cloudy
72,88,21.07,69.6,Normal,Chances of rain,Rainy
84,47,29.18,73.4,Caution,No rain,Sunny and Moderately Humid
95,75,53.33,90,Danger,No rain,Sunny and Humid
73,56,24.86,64.2,Normal,No rain,Fair & Clear and Humid
89,61,36.59,81.2,Extreme caution,No rain,Sunny and Humid
87,48,31.55,76.6,Caution,No rain,Sunny and Moderately Humid
85,21,27.83,69.2,Normal,No rain,Sunny and Moderately Humid
97,18,34.04,80.6,Extreme caution,No rain,Sunny and Moderately Humid
77,45,25.8,66,Normal,No rain,Fair & Clear and Moderately Humid
77,21,25,61.2,Normal,No rain,Fair & Clear and Moderately Humid
90,42,32.98,78.4,Caution,No rain,Sunny and Moderately Humid
76,82,24.91,72.4,Normal,Chances of rain,Rainy
84,51,29.64,74.2,Caution,No rain,Sunny and Humid
80,15,25.74,63,Normal,No rain,Sunny and Moderately Humid
80,55,27.38,71,Normal,No rain,Sunny and Humid
82,13,26.46,64.6,Normal,No rain,Sunny and Moderately Humid
73,15,23.51,56,Normal,No rain,Fair & Clear and Moderately Humid
95,103,74.3,95.6,Danger,Chances of rain,Rainy
72,49,24.97,61.8,Normal,No rain,Fair & Clear and Moderately Humid
85,17,27.73,68.4,Normal,No rain,Sunny and Moderately Humid
88,69,37.59,81.8,Extreme caution,No rain,Sunny and Humid
91,97,56.56,90.4,Danger,Chances of rain,Rainy
89,95,49.87,88,Danger,Chances of rain,Cloudy
73,91,21.33,71.2,Normal,Chances of rain,Cloudy
82,90,33.05,80,Extreme caution,Chances of rain,Cloudy
79,45,26.46,68,Normal,No rain,Fair & Clear and Moderately Humid
70,57,24.61,61.4,Normal,No rain,Fair & Clear and Humid
80,71,28.38,74.2,Caution,No rain,Sunny and Humid
96,65,49.46,89,Danger,No rain,Sunny and Humid
90,34,31.6,76.8,Caution,No rain,Sunny and Moderately Humid
92,15,30.99,75,Caution,No rain,Sunny and Moderately Humid
85,77,35.28,80.4,Extreme caution,No rain,Sunny and Humid
82,107,36.04,83.4,Extreme caution,Chances of rain,Rainy
88,81,41.61,84.2,Extreme caution,Chances of rain,Cloudy
92,12,30.9,74.4,Caution,No rain,Sunny and Moderately Humid
96,51,42.45,86.2,Danger,No rain,Sunny and Humid
95,68,49.21,88.6,Danger,No rain,Sunny and Humid
78,77,26.79,73.4,Normal,No rain,Fair & Clear and Humid
93,87,55.96,90.4,Danger,Chances of rain,Rainy
84,56,30.28,75.2,Caution,No rain,Sunny and Humid
91,58,38.28,82.6,Extreme caution,No rain,Sunny and Humid
92,97,59.57,91.4,Danger,Chances of rain,Cloudy
87,29,29.2,72.8,Caution,No rain,Sunny and Moderately Humid
86,11,28.14,68.2,Caution,No rain,Sunny and Moderately Humid
87,41,30.48,75.2,Caution,No rain,Sunny and Moderately Humid
91,28,31.47,76.6,Caution,No rain,Sunny and Moderately Humid
78,80,26.83,74,Normal,No rain,Fair & Clear and Humid
73,46,25.07,62.2,Normal,No rain,Fair & Clear and Moderately Humid
89,62,36.89,81.4,Extreme caution,No rain,Sunny and Humid
97,60,48.5,89,Danger,No rain,Sunny and Humid
85,59,31.63,76.8,Caution,No rain,Sunny and Humid
82,89,32.89,79.8,Caution,Chances of rain,Cloudy
91,66,41.16,84.2,Extreme caution,No rain,Sunny and Humid
74,58,24.98,65.6,Normal,No rain,Fair & Clear and Humid
83,69,31.18,76.8,Caution,No rain,Sunny and Humid
88,17,29.08,71.4,Caution,No rain,Sunny and Moderately Humid
94,67,46.77,87.4,Danger,No rain,Sunny and Humid
94,84,56.65,90.8,Danger,Chances of rain,Cloudy
89,36,31.19,76.2,Caution,No rain,Sunny and Moderately Humid
90,12,29.95,72.4,Caution,No rain,Sunny and Moderately Humid
88,60,35.08,80,Extreme caution,No rain,Sunny and Humid
97,47,42.1,86.4,Danger,No rain,Sunny and Moderately Humid
77,34,25.51,63.8,Normal,No rain,Fair & Clear and Moderately Humid
75,74,24.6,69.8,Normal,No rain,Fair & Clear and Humid
82,17,26.53,65.4,Normal,No rain,Sunny and Moderately Humid
77,100,25.33,77,Normal,Chances of rain,Cloudy
89,71,39.79,83.2,Extreme caution,No rain,Sunny and Humid
80,58,27.55,71.6,Normal,No rain,Sunny and Humid
72,67,23.95,65.4,Normal,No rain,Fair & Clear and Humid
92,46,35.82,81.2,Extreme caution,No rain,Sunny and Moderately Humid
76,19,24.63,59.8,Normal,No rain,Fair & Clear and Moderately Humid
92,57,39.28,83.4,Extreme caution,No rain,Sunny and Humid
74,74,24.05,68.8,Normal,No rain,Fair & Clear and Humid
89,17,29.55,72.4,Caution,No rain,Sunny and Moderately Humid
71,75,22.74,66,Normal,No rain,Fair & Clear and Humid
83,54,29.25,73.8,Caution,No rain,Sunny and Humid
72,30,24.59,58,Normal,No rain,Fair & Clear and Moderately Humid
94,83,56,90.6,Danger,Chances of rain,Rainy
