STEP COUNT,STRIDE LENGTH (feet),DISTANCE (km),ESTIMATED TIME (hrs),WALKING SPEED(Kph),CALORIES,AVERAGE HEART RATE (bpm),FATIGUE (1-5),EXERTION LEVEL,BODY CONDITION
10357,2.39,7.55,2,5,331,161,3,High Exertion,Healthy
6023,2.24,4.11,1,5.7,192,74,2,Normal,Healthy
19233,2.32,13.6,3,5.3,615,73,5,Normal,Healthy
8426,2.39,6.14,1,5.5,269,87,3,Normal,Healthy
15580,2.37,11.27,2,4.8,498,96,4,Normal,Healthy
19574,2.17,12.94,3,5.1,626,147,5,Moderate Exertion,Healthy
2170,2.11,1.39,0.34,4.1,69,150,1,Moderate Exertion,Unhealthy
415,2.45,0.31,0.05,6,13,172,5,High Exertion,Unhealthy
12423,2.11,7.97,2,5.1,397,81,3,Normal,Healthy
15221,2.42,11.21,2,4.6,487,123,4,Moderate Exertion,Healthy
6196,2.33,4.4,1,4.5,198,97,2,Normal,Healthy
15941,2.32,11.28,3,4.1,510,137,4,Moderate Exertion,Healthy
4495,2.36,3.23,1,4,143,119,2,Moderate Exertion,Healthy
18374,2.25,12.58,2,6,587,151,5,High Exertion,Healthy
1221,2.28,0.85,0.18,4.6,39,142,5,Moderate Exertion,Unhealthy
12609,2.23,8.56,1,6.1,403,156,3,High Exertion,Healthy
3947,2.45,2.95,1,4.2,126,65,1,Normal,Healthy
6172,2.47,4.64,1,5.6,197,142,2,Moderate Exertion,Healthy
11909,2.34,8.51,1,6.2,381,113,3,Moderate Exertion,Healthy
6359,2.35,4.56,1,5.6,203,163,2,High Exertion,Healthy
12130,2.29,8.47,2,4.6,388,66,3,Normal,Healthy
13216,2.32,9.35,1,6.3,422,71,4,Normal,Healthy
9169,2.47,6.91,2,4.4,293,143,3,Moderate Exertion,Healthy
10528,2.28,7.32,1,6,336,154,3,High Exertion,Healthy
12132,2.35,8.7,2,5.3,388,160,3,High Exertion,Healthy
14784,2.31,10.39,2,5.4,473,123,4,Moderate Exertion,Healthy
14951,2.23,10.15,2,4.1,478,79,4,Normal,Healthy
7323,2.28,5.09,1,5.9,234,146,2,Moderate Exertion,Healthy
11549,2.14,7.54,1,5.9,369,125,3,Moderate Exertion,Healthy
18671,2.23,12.72,2,6,597,79,5,Normal,Healthy
17905,2.44,13.29,3,4.9,572,107,5,Moderate Exertion,Healthy
16837,2.43,12.45,2,5.3,538,108,5,Moderate Exertion,Healthy
14107,2.4,10.3,3,4.1,451,80,4,Normal,Healthy
437,2.46,0.33,0.05,6.1,13,140,5,Moderate Exertion,Unhealthy
17558,2.25,12.01,2,6.3,561,172,5,High Exertion,Unhealthy
11187,2.41,8.21,2,5.1,357,71,3,Normal,Healthy
3336,2.29,2.33,0.49,4.8,106,90,1,Normal,Healthy
19511,2.2,13.06,2,5.5,624,157,5,High Exertion,Healthy
4329,2.46,3.24,1,4.5,138,177,2,High Exertion,Unhealthy
17854,2.15,11.71,3,4,571,83,4,Normal,Healthy
5977,2.43,4.43,1,6.3,191,103,2,Moderate Exertion,Healthy
15219,2.19,10.16,2,6,487,117,4,Moderate Exertion,Healthy
11267,2.24,7.7,1,5.9,360,168,3,High Exertion,Healthy
3639,2.26,2.51,1,4.9,116,91,1,Normal,Healthy
17040,2.27,11.81,2,6.3,545,74,4,Normal,Healthy
4296,2.45,3.2,1,5.6,137,131,2,Moderate Exertion,Healthy
2604,2.49,1.98,0.43,4.6,83,102,1,Moderate Exertion,Unhealthy
19900,2.44,14.79,3,5.5,636,68,5,Normal,Healthy
2219,2.34,1.58,0.3,5.2,71,83,1,Normal,Unhealthy
18487,2.28,12.86,3,4.7,591,82,5,Normal,Healthy
12359,2.4,9.04,2,4.7,395,177,4,High Exertion,Unhealthy
7932,2.18,5.28,1,5.9,253,102,2,Moderate Exertion,Healthy
15101,2.45,11.3,2,6.2,483,76,4,Normal,Healthy
15609,2.14,10.19,2,6.1,499,126,4,Moderate Exertion,Healthy
11940,2.31,8.39,1,5.6,382,143,3,Moderate Exertion,Healthy
5646,2.47,4.26,1,6.3,180,135,2,Moderate Exertion,Healthy
18244,2.15,11.95,2,5.6,583,175,4,High Exertion,Unhealthy
17637,2.23,11.97,2,4.8,564,143,4,Moderate Exertion,Healthy
17156,2.18,11.41,2,5.4,548,67,4,Normal,Healthy
11575,2.31,8.16,2,4.9,370,162,3,High Exertion,Healthy
10318,2.17,6.84,1,5.3,330,61,3,Normal,Healthy
6126,2.36,4.4,1,4.8,196,72,2,Normal,Healthy
6152,2.4,4.5,1,5.1,196,172,2,High Exertion,Unhealthy
16769,2.27,11.62,3,4.4,536,120,4,Moderate Exertion,Healthy
19132,2.33,13.59,3,4.3,612,135,5,Moderate Exertion,Healthy
15631,2.25,10.73,2,6.3,500,133,4,Moderate Exertion,Healthy
16184,2.14,10.57,2,5,517,142,4,Moderate Exertion,Healthy
5256,2.14,3.43,1,4.8,168,167,2,High Exertion,Healthy
18831,2.36,13.55,3,4.7,602,109,5,Moderate Exertion,Healthy
17281,2.19,11.56,2,6.1,552,113,4,Moderate Exertion,Healthy
19717,2.36,14.18,2,6.2,630,148,5,Moderate Exertion,Healthy
9014,2.31,6.34,1,4.7,288,172,3,High Exertion,Unhealthy
731,2.28,0.51,0.11,4.7,23,121,5,Moderate Exertion,Unhealthy
12298,2.29,8.57,2,4.1,393,111,3,Moderate Exertion,Healthy
14575,2.21,9.82,2,4.3,466,159,4,High Exertion,Healthy
670,2.4,0.49,0.08,5.8,21,163,5,High Exertion,Unhealthy
12996,2.22,8.8,1,6,415,151,3,High Exertion,Healthy
4714,2.49,3.57,1,4,150,138,2,Moderate Exertion,Healthy
10745,2.36,7.75,1,5.9,343,80,3,Normal,Healthy
17475,2.3,12.26,2,5.1,559,163,5,High Exertion,Healthy
9455,2.28,6.58,1,5.3,302,122,3,Moderate Exertion,Healthy
6907,2.43,5.12,1,4.2,221,163,2,High Exertion,Healthy
19551,2.49,14.81,3,4.6,625,152,5,High Exertion,Healthy
6451,2.21,4.34,1,4.1,206,177,2,High Exertion,Unhealthy
6680,2.17,4.43,1,6,213,93,2,Normal,Healthy
9184,2.34,6.54,1,6.3,293,177,3,High Exertion,Unhealthy
13031,2.18,8.66,2,5.2,416,73,3,Normal,Healthy
7651,2.11,4.92,1,4.3,244,107,2,Moderate Exertion,Healthy
1554,2.46,1.17,0.24,4.9,49,142,1,Moderate Exertion,Unhealthy
10511,2.22,7.11,1,6.3,336,167,3,High Exertion,Healthy
19763,2.19,13.18,2,5.4,632,65,5,Normal,Healthy
16595,2.37,11.99,3,4.6,531,117,4,Moderate Exertion,Healthy
4918,2.41,3.61,1,5.2,157,80,2,Normal,Healthy
14170,2.12,9.17,2,6,453,174,4,High Exertion,Unhealthy
11488,2.37,8.28,1,5.6,367,73,3,Normal,Healthy
12700,2.45,9.49,2,5.2,406,97,4,Normal,Healthy
17844,2.38,12.95,3,4.7,571,88,5,Normal,Healthy
16734,2.5,12.74,2,5.8,535,141,5,Moderate Exertion,Healthy
379,2.37,0.27,0.06,4.2,12,73,5,Normal,Unhealthy
16081,2.23,10.91,3,4.1,514,167,4,High Exertion,Healthy
14977,2.4,10.95,2,4.7,479,160,4,High Exertion,Healthy
10187,2.16,6.72,2,4.1,325,149,3,Moderate Exertion,Healthy
4514,2.4,3.3,1,4.4,144,100,2,Normal,Healthy
8289,2.41,6.09,1,5.1,265,146,3,Moderate Exertion,Healthy
15630,2.3,10.97,2,5,500,144,4,Moderate Exertion,Healthy
14815,2.32,10.47,2,4.5,474,101,4,Moderate Exertion,Healthy
9727,2.37,7.03,2,4.4,311,171,3,High Exertion,Unhealthy
5261,2.11,3.38,1,4.1,168,129,2,Moderate Exertion,Healthy
14009,2.38,10.16,2,4.2,448,130,4,Moderate Exertion,Healthy
6469,2.43,4.78,1,4.4,207,104,2,Moderate Exertion,Healthy
16777,2.29,11.71,3,4.2,536,178,4,High Exertion,Unhealthy
5035,2.46,3.77,1,5.4,161,174,2,High Exertion,Unhealthy
535,2.3,0.38,0.07,5.1,17,173,5,High Exertion,Unhealthy
3330,2.46,2.5,0.45,5.5,106,174,1,High Exertion,Unhealthy
7849,2.19,5.24,1,5.4,251,101,2,Moderate Exertion,Healthy
18200,2.29,12.7,3,4.6,582,175,5,High Exertion,Unhealthy
7303,2.1,4.68,1,6,233,156,2,High Exertion,Healthy
16192,2.47,12.18,2,5,518,125,5,Moderate Exertion,Healthy
13985,2.4,10.23,2,4.3,447,135,4,Moderate Exertion,Healthy
7366,2.18,4.89,1,5.5,235,170,2,High Exertion,Unhealthy
14046,2.17,9.31,2,5.5,449,95,4,Normal,Healthy
11626,2.26,8,1,5.9,372,145,3,Moderate Exertion,Healthy
18044,2.27,12.46,2,5.6,577,124,5,Moderate Exertion,Healthy
7753,2.45,5.78,1,4.4,248,105,2,Moderate Exertion,Healthy
2504,2.35,1.8,0.37,4.9,80,166,1,High Exertion,Unhealthy
19717,2.13,12.78,2,5.4,630,132,5,Moderate Exertion,Healthy
12603,2.47,9.48,1,6.4,403,102,4,Moderate Exertion,Healthy
16142,2.15,10.6,2,5.9,516,178,4,High Exertion,Unhealthy
11600,2.43,8.58,1,5.8,371,62,3,Normal,Healthy
6888,2.15,4.52,1,4.1,220,146,2,Moderate Exertion,Healthy
18371,2.15,12.01,3,4.1,587,166,5,High Exertion,Healthy
11767,2.33,8.36,2,5.2,376,78,3,Normal,Healthy
3164,2.35,2.27,1,4,101,136,1,Moderate Exertion,Healthy
19766,2.16,13.02,2,6.1,632,79,5,Normal,Healthy
16492,2.21,11.09,2,5.6,527,103,4,Moderate Exertion,Healthy
15253,2.32,10.77,2,5.5,488,108,4,Moderate Exertion,Healthy
10317,2.36,7.41,1,5,330,90,3,Normal,Healthy
17356,2.23,11.78,2,5.8,555,90,4,Normal,Healthy
14608,2.18,9.72,2,5.1,467,160,4,High Exertion,Healthy
7555,2.42,5.56,1,5.5,241,148,2,Moderate Exertion,Healthy
15455,2.31,10.86,2,4.6,494,61,4,Normal,Healthy
12292,2.15,8.05,1,5.9,393,98,3,Normal,Healthy
9186,2.25,6.3,1,4.9,293,74,3,Normal,Healthy
12768,2.15,8.35,2,4.1,408,147,3,Moderate Exertion,Healthy
11610,2.4,8.48,2,5.6,371,85,3,Normal,Healthy
11260,2.14,7.34,1,5.3,360,67,3,Normal,Healthy
17613,2.46,13.2,3,4.2,563,98,5,Normal,Healthy
15477,2.35,11.08,2,5.8,495,105,4,Moderate Exertion,Healthy
10312,2.12,6.66,1,5.2,329,144,3,Moderate Exertion,Healthy
17498,2.43,12.94,3,4.6,559,74,5,Normal,Healthy
5326,2.2,3.58,1,5.3,170,81,2,Normal,Healthy
8212,2.3,5.75,1,6.2,262,99,2,Normal,Healthy
10758,2.1,6.89,1,5,344,117,3,Moderate Exertion,Healthy
18585,2.46,13.93,2,6.1,594,171,5,High Exertion,Unhealthy
15741,2.45,11.77,2,5.6,503,101,4,Moderate Exertion,Healthy
4389,2.17,2.9,1,5,140,64,1,Normal,Healthy
5714,2.16,3.76,1,4.7,182,151,2,High Exertion,Healthy
17989,2.16,11.86,3,4.2,575,90,4,Normal,Healthy
3300,2.49,2.51,0.4,6.3,105,159,1,High Exertion,Healthy
16353,2.31,11.54,2,4.7,523,89,4,Normal,Healthy
3119,2.46,2.34,1,4.2,99,150,1,Moderate Exertion,Healthy
6640,2.33,4.72,1,5.7,212,63,2,Normal,Healthy
15105,2.45,11.3,3,4.4,483,71,4,Normal,Healthy
8839,2.38,6.41,1,4.7,282,75,3,Normal,Healthy
16806,2.37,12.13,2,6.2,537,130,5,Moderate Exertion,Healthy
482,2.31,0.34,0.06,6.1,15,87,5,Normal,Unhealthy
1682,2.1,1.08,0.17,6.2,53,128,1,Moderate Exertion,Unhealthy
17031,2.44,12.69,2,5.4,544,119,5,Moderate Exertion,Healthy
2259,2.2,1.52,0.33,4.6,72,114,1,Moderate Exertion,Unhealthy
18800,2.31,13.25,3,4.4,601,162,5,High Exertion,Healthy
12000,2.11,7.72,1,5.7,384,155,3,High Exertion,Healthy
17936,2.29,12.52,3,4.1,573,178,5,High Exertion,Unhealthy
18182,2.22,12.32,2,5.2,581,155,5,High Exertion,Healthy
15713,2.38,11.38,2,6.1,502,165,4,High Exertion,Healthy
8591,2.13,5.59,1,4.7,274,78,2,Normal,Healthy
1833,2.33,1.3,0.28,4.7,58,137,1,Moderate Exertion,Unhealthy
12731,2.26,8.78,1,6.3,407,164,3,High Exertion,Healthy
2363,2.39,1.72,0.32,5.4,75,129,1,Moderate Exertion,Unhealthy
18342,2.4,13.44,2,5.4,586,116,5,Moderate Exertion,Healthy
11088,2.11,7.14,2,4.7,354,64,3,Normal,Healthy
8297,2.25,5.68,1,4.3,265,97,2,Normal,Healthy
8434,2.47,6.35,2,4.2,269,171,3,High Exertion,Unhealthy
13643,2.37,9.87,2,5.3,436,149,4,Moderate Exertion,Healthy
6100,2.39,4.44,1,6.1,195,110,2,Moderate Exertion,Healthy
15921,2.47,11.98,2,5.6,509,84,4,Normal,Healthy
1483,2.49,1.12,0.18,6.3,47,87,1,Normal,Unhealthy
19109,2.12,12.34,3,4.7,611,81,5,Normal,Healthy
1298,2.27,0.9,0.21,4.2,41,122,5,Moderate Exertion,Unhealthy
798,2.3,0.56,0.1,5.4,25,86,5,Normal,Unhealthy
4295,2.3,3.01,0.49,6.1,137,115,2,Moderate Exertion,Healthy
4172,2.44,3.1,1,4.9,133,132,2,Moderate Exertion,Healthy
11571,2.34,8.24,2,5.1,370,179,3,High Exertion,Unhealthy
1848,2.1,1.18,0.27,4.3,59,63,1,Normal,Unhealthy
7622,2.18,5.07,1,4.6,243,168,2,High Exertion,Healthy
9260,2.17,6.11,1,4.9,296,165,3,High Exertion,Healthy
15340,2.21,10.33,2,5.4,490,130,4,Moderate Exertion,Healthy
3554,2.36,2.56,0.48,5.3,113,82,1,Normal,Healthy
11225,2.42,8.29,1,5.7,359,146,3,Moderate Exertion,Healthy
17362,2.48,13.15,3,4.3,555,176,5,High Exertion,Unhealthy
3193,2.36,2.29,0.41,5.6,102,69,1,Normal,Healthy
12115,2.34,8.63,2,5.3,387,170,3,High Exertion,Unhealthy
19699,2.13,12.79,2,6,630,136,5,Moderate Exertion,Healthy
1354,2.42,1,0.22,4.5,43,106,5,Moderate Exertion,Unhealthy
9976,2.26,6.89,1,5.6,319,108,3,Moderate Exertion,Healthy
13095,2.16,8.64,1,5.8,419,123,3,Moderate Exertion,Healthy
12694,2.15,8.32,2,4.3,406,165,3,High Exertion,Healthy
17318,2.25,11.88,2,5.5,554,70,4,Normal,Healthy
14272,2.29,9.97,2,4.4,456,130,4,Moderate Exertion,Healthy
1578,2.45,1.18,0.28,4.2,50,66,1,Normal,Unhealthy
16025,2.13,10.41,2,4.2,512,142,4,Moderate Exertion,Healthy
14869,2.18,9.9,2,4.7,475,157,4,High Exertion,Healthy
19253,2.45,14.35,3,4.9,616,142,5,Moderate Exertion,Healthy
14091,2.48,10.64,2,5.5,450,89,4,Normal,Healthy
8308,2.28,5.77,1,4.3,265,125,2,Moderate Exertion,Healthy
12407,2.26,8.56,2,4.7,397,127,3,Moderate Exertion,Healthy
5545,2.2,3.71,1,5.1,177,69,2,Normal,Healthy
2819,2.49,2.14,0.38,5.6,90,130,1,Moderate Exertion,Healthy
18611,2.2,12.48,2,6.2,595,172,5,High Exertion,Unhealthy
18528,2.42,13.67,3,4.3,592,95,5,Normal,Healthy
7016,2.18,4.67,1,6.3,224,127,2,Moderate Exertion,Healthy
19969,2.12,12.92,2,5.6,639,133,5,Moderate Exertion,Healthy
1917,2.39,1.39,0.27,5.2,61,178,1,High Exertion,Unhealthy
10069,2.35,7.21,2,4.7,322,101,3,Moderate Exertion,Healthy
3137,2.29,2.19,0.41,5.3,100,158,1,High Exertion,Healthy
2471,2.29,1.73,0.29,5.9,79,121,1,Moderate Exertion,Unhealthy
9096,2.2,6.09,1,6.1,291,123,3,Moderate Exertion,Healthy
5895,2.28,4.09,1,4.8,188,159,2,High Exertion,Healthy
1205,2.15,0.79,0.18,4.5,38,62,5,Normal,Unhealthy
9847,2.2,6.61,1,6.1,315,141,3,Moderate Exertion,Healthy
6351,2.28,4.42,1,6.4,203,74,2,Normal,Healthy
14268,2.4,10.44,2,5.9,456,101,4,Moderate Exertion,Healthy
16194,2.27,11.23,3,4,518,126,4,Moderate Exertion,Healthy
17786,2.3,12.49,3,4.9,569,83,5,Normal,Healthy
9571,2.23,6.51,1,5.3,306,74,3,Normal,Healthy
11548,2.37,8.35,1,6.3,369,164,3,High Exertion,Healthy
918,2.34,0.65,0.15,4.4,29,139,5,Moderate Exertion,Unhealthy
15596,2.31,10.98,2,5.8,499,119,4,Moderate Exertion,Healthy
4279,2.36,3.08,1,4.8,136,119,2,Moderate Exertion,Healthy
17903,2.5,13.63,3,5,572,120,5,Moderate Exertion,Healthy
16942,2.16,11.16,2,5.1,542,114,4,Moderate Exertion,Healthy
1448,2.31,1.02,0.22,4.6,46,161,1,High Exertion,Unhealthy
18645,2.21,12.54,3,4.4,596,123,5,Moderate Exertion,Healthy
8019,2.36,5.77,1,4,256,63,2,Normal,Healthy
7924,2.11,5.09,1,4.9,253,133,2,Moderate Exertion,Healthy
6732,2.21,4.54,1,4.7,215,66,2,Normal,Healthy
2658,2.12,1.72,0.29,6,85,135,1,Moderate Exertion,Unhealthy
9150,2.37,6.61,1,6.4,292,171,3,High Exertion,Unhealthy
2127,2.18,1.41,0.25,5.6,68,170,1,High Exertion,Unhealthy
5854,2.41,4.31,1,5.7,187,114,2,Moderate Exertion,Healthy
17295,2.31,12.18,3,4.4,553,142,5,Moderate Exertion,Healthy
1379,2.3,0.97,0.23,4.3,44,130,5,Moderate Exertion,Unhealthy
10008,2.44,7.44,1,5.6,320,144,3,Moderate Exertion,Healthy
10714,2.12,6.91,2,4.2,342,74,3,Normal,Healthy
16024,2.15,10.5,2,5,512,82,4,Normal,Healthy
8042,2.44,5.99,1,6,257,139,2,Moderate Exertion,Healthy
19918,2.3,13.99,2,5.6,637,155,5,High Exertion,Healthy
7166,2.33,5.09,1,4.4,229,121,2,Moderate Exertion,Healthy
3114,2.38,2.26,0.44,5.1,99,178,1,High Exertion,Unhealthy
1196,2.32,0.84,0.13,6.4,38,91,5,Normal,Unhealthy
17561,2.29,12.26,2,5.3,561,94,5,Normal,Healthy
1144,2.47,0.86,0.15,5.6,36,89,5,Normal,Unhealthy
13291,2.36,9.54,2,4.2,425,109,4,Moderate Exertion,Healthy
4734,2.31,3.34,1,4.6,151,86,2,Normal,Healthy
18439,2.35,13.21,2,5.9,590,81,5,Normal,Healthy
17726,2.34,12.64,3,4.7,567,101,5,Moderate Exertion,Healthy
7588,2.27,5.25,1,6.3,242,104,2,Moderate Exertion,Healthy
4698,2.45,3.51,1,5.7,150,144,2,Moderate Exertion,Healthy
2436,2.33,1.73,0.34,5.1,77,126,1,Moderate Exertion,Unhealthy
4559,2.21,3.07,0.5,6.2,145,166,2,High Exertion,Healthy
18292,2.15,12,2,5.4,585,112,4,Moderate Exertion,Healthy
12648,2.33,8.98,2,4.7,404,87,3,Normal,Healthy
14055,2.17,9.3,2,4.6,449,176,4,High Exertion,Unhealthy
6660,2.14,4.34,1,4.5,213,114,2,Moderate Exertion,Healthy
10408,2.43,7.7,2,5.1,333,178,3,High Exertion,Unhealthy
8581,2.47,6.47,1,4.5,274,137,3,Moderate Exertion,Healthy
1653,2.15,1.08,0.19,5.6,52,69,1,Normal,Unhealthy
12685,2.3,8.88,2,4.6,405,104,3,Moderate Exertion,Healthy
6247,2.44,4.64,1,5.8,199,166,2,High Exertion,Healthy
16032,2.21,10.81,2,4.8,513,72,4,Normal,Healthy
18113,2.12,11.68,3,4.2,579,161,4,High Exertion,Healthy
18009,2.25,12.35,2,5.4,576,66,5,Normal,Healthy
17023,2.31,12,2,6,544,176,5,High Exertion,Unhealthy
6600,2.18,4.38,1,6.1,211,113,2,Moderate Exertion,Healthy
4921,2.47,3.71,1,5.8,157,141,2,Moderate Exertion,Healthy
19993,2.48,15.14,3,5.6,639,148,5,Moderate Exertion,Healthy
16350,2.44,12.16,2,5.4,523,99,5,Normal,Healthy
9363,2.48,7.07,1,6.1,299,86,3,Normal,Healthy
16302,2.49,12.37,2,5.5,521,140,5,Moderate Exertion,Healthy
5567,2.24,3.8,1,4.9,178,84,2,Normal,Healthy
8548,2.48,6.47,1,4.9,273,89,3,Normal,Healthy
15886,2.16,10.47,2,4.5,508,117,4,Moderate Exertion,Healthy
15723,2.19,10.51,2,5.3,503,61,4,Normal,Healthy
6857,2.24,4.69,1,4.5,219,109,2,Moderate Exertion,Healthy
7278,2.27,5.03,1,5.1,232,102,2,Moderate Exertion,Healthy
6063,2.21,4.09,1,5.9,194,174,2,High Exertion,Unhealthy
5954,2.29,4.16,1,4.1,190,162,2,High Exertion,Healthy
2481,2.32,1.75,0.28,6.3,79,106,1,Moderate Exertion,Unhealthy
14264,2.19,9.51,2,4,456,159,4,High Exertion,Healthy
5630,2.28,3.91,1,4.8,180,109,2,Moderate Exertion,Healthy
18546,2.47,13.98,3,4.7,593,97,5,Normal,Healthy
11681,2.3,8.2,2,4.4,373,171,3,High Exertion,Unhealthy
7664,2.24,5.23,1,5.5,245,63,2,Normal,Healthy
217,2.2,0.15,0.03,4.6,6,71,5,Normal,Unhealthy
14629,2.14,9.56,2,4.6,468,174,4,High Exertion,Unhealthy
18286,2.19,12.22,2,5.3,585,100,5,Normal,Healthy
11236,2.21,7.58,2,4.9,359,179,3,High Exertion,Unhealthy
13123,2.23,8.94,1,6.1,419,161,3,High Exertion,Healthy
17311,2.28,12.04,2,5,553,122,5,Moderate Exertion,Healthy
1852,2.17,1.22,0.2,6,59,78,1,Normal,Unhealthy
6295,2.39,4.59,1,4,201,76,2,Normal,Healthy
10595,2.4,7.74,2,4.3,339,141,3,Moderate Exertion,Healthy
8764,2.48,6.63,1,4.6,280,60,3,Normal,Healthy
19355,2.31,13.61,2,5.6,619,117,5,Moderate Exertion,Healthy
4692,2.12,3.04,0.48,6.3,150,123,2,Moderate Exertion,Healthy
15731,2.46,11.78,2,5.2,503,152,4,High Exertion,Healthy
17434,2.3,12.24,3,4.8,557,164,5,High Exertion,Healthy
11497,2.38,8.35,1,6.3,367,142,3,Moderate Exertion,Healthy
10966,2.18,7.29,2,4.5,350,87,3,Normal,Healthy
6208,2.11,3.98,1,5.7,198,63,2,Normal,Healthy
18896,2.46,14.18,4,4,604,119,5,Moderate Exertion,Healthy
6396,2.36,4.6,1,4.5,204,157,2,High Exertion,Healthy
19837,2.39,14.48,3,4.2,634,95,5,Normal,Healthy
4084,2.45,3.05,1,5.6,130,65,2,Normal,Healthy
10009,2.27,6.93,1,5.2,320,163,3,High Exertion,Healthy
13455,2.43,9.98,2,4.5,430,148,4,Moderate Exertion,Healthy
16244,2.42,11.97,2,6.3,519,90,4,Normal,Healthy
5843,2.41,4.29,1,4.8,186,101,2,Moderate Exertion,Healthy
5588,2.2,3.74,1,5.1,178,77,2,Normal,Healthy
17279,2.11,11.1,2,4.7,552,111,4,Moderate Exertion,Healthy
4561,2.33,3.23,1,6.1,145,114,2,Moderate Exertion,Healthy
6991,2.31,4.92,1,4.9,223,172,2,High Exertion,Unhealthy
3164,2.14,2.07,0.48,4.3,101,159,1,High Exertion,Healthy
17397,2.26,11.96,2,5.7,556,146,4,Moderate Exertion,Healthy
10170,2.11,6.53,1,6.1,325,115,3,Moderate Exertion,Healthy
11209,2.44,8.33,2,4.4,358,145,3,Moderate Exertion,Healthy
11858,2.27,8.2,2,4.9,379,163,3,High Exertion,Healthy
5057,2.27,3.5,1,5.1,161,113,2,Moderate Exertion,Healthy
18751,2.45,14,4,4,600,118,5,Moderate Exertion,Healthy
12374,2.41,9.09,2,4.2,395,149,4,Moderate Exertion,Healthy
4425,2.32,3.14,1,5,141,101,2,Moderate Exertion,Healthy
8286,2.37,5.99,1,4.4,265,109,2,Moderate Exertion,Healthy
5922,2.36,4.27,1,5.4,189,168,2,High Exertion,Healthy
15269,2.4,11.19,2,5.4,488,81,4,Normal,Healthy
16651,2.27,11.51,2,4.8,532,121,4,Moderate Exertion,Healthy
7936,2.47,5.97,1,6.1,253,176,2,High Exertion,Unhealthy
6599,2.39,4.81,1,5.5,211,71,2,Normal,Healthy
19996,2.11,12.88,3,4.6,639,77,5,Normal,Healthy
14250,2.3,10.01,2,4.4,456,67,4,Normal,Healthy
4350,2.5,3.31,1,4.6,139,122,2,Moderate Exertion,Healthy
3289,2.27,2.28,0.4,5.7,105,137,1,Moderate Exertion,Healthy
5089,2.29,3.55,1,5.3,162,172,2,High Exertion,Unhealthy
447,2.49,0.34,0.06,5.4,14,102,5,Moderate Exertion,Unhealthy
14259,2.16,9.4,2,5.3,456,113,4,Moderate Exertion,Healthy
15181,2.12,9.82,2,4.1,485,146,4,Moderate Exertion,Healthy
18978,2.48,14.37,2,6,607,71,5,Normal,Healthy
11936,2.12,7.72,1,6.3,381,65,3,Normal,Healthy
16903,2.25,11.61,3,4.5,540,83,4,Normal,Healthy
17474,2.28,12.14,2,6.1,559,85,5,Normal,Healthy
17682,2.26,12.17,2,6.1,565,159,5,High Exertion,Healthy
277,2.18,0.18,0.03,5.4,8,78,5,Normal,Unhealthy
15435,2.2,10.34,2,4.4,493,112,4,Moderate Exertion,Healthy
17133,2.1,10.99,2,6.1,548,61,4,Normal,Healthy
13700,2.27,9.47,2,6.1,438,73,4,Normal,Healthy
8724,2.29,6.1,1,5.8,279,74,3,Normal,Healthy
12642,2.3,8.87,2,4.2,404,134,3,Moderate Exertion,Healthy
5055,2.31,3.56,1,5.1,161,129,2,Moderate Exertion,Healthy
3187,2.4,2.33,0.38,6.1,101,115,1,Moderate Exertion,Healthy
2892,2.42,2.13,0.33,6.4,92,178,1,High Exertion,Unhealthy
15743,2.3,11.02,2,5.5,503,111,4,Moderate Exertion,Healthy
19033,2.26,13.1,3,5.2,609,127,5,Moderate Exertion,Healthy
9463,2.12,6.11,1,6.1,302,62,3,Normal,Healthy
332,2.18,0.22,0.04,5.9,10,70,5,Normal,Unhealthy
11433,2.12,7.4,2,4.9,365,126,3,Moderate Exertion,Healthy
10890,2.41,7.99,2,4.6,348,150,3,Moderate Exertion,Healthy
19002,2.37,13.75,3,5.4,608,177,5,High Exertion,Unhealthy
10933,2.26,7.53,2,4.5,349,134,3,Moderate Exertion,Healthy
14754,2.37,10.66,3,4.1,472,154,4,High Exertion,Healthy
4373,2.28,3.04,1,5.7,139,174,2,High Exertion,Unhealthy
7260,2.33,5.16,1,5.1,232,73,2,Normal,Healthy
12815,2.47,9.66,2,4.4,410,86,4,Normal,Healthy
16927,2.17,11.22,2,5.6,541,170,4,High Exertion,Unhealthy
7024,2.29,4.91,1,4.2,224,132,2,Moderate Exertion,Healthy
16328,2.17,10.78,2,4.8,522,79,4,Normal,Healthy
14472,2.44,10.77,2,6,463,94,4,Normal,Healthy
16604,2.42,12.25,2,5.5,531,76,5,Normal,Healthy
14408,2.36,10.37,2,6.2,461,73,4,Normal,Healthy
11528,2.28,8.02,1,5.4,368,170,3,High Exertion,Unhealthy
15891,2.27,10.99,2,5,508,89,4,Normal,Healthy
5611,2.29,3.92,1,6.3,179,156,2,High Exertion,Healthy
18317,2.36,13.18,2,6.4,586,168,5,High Exertion,Healthy
8047,2.41,5.91,1,4.8,257,176,2,High Exertion,Unhealthy
17309,2.13,11.24,2,6.1,553,151,4,High Exertion,Healthy
10347,2.31,7.29,1,6.3,331,108,3,Moderate Exertion,Healthy
7170,2.16,4.72,1,4.9,229,175,2,High Exertion,Unhealthy
5998,2.34,4.28,1,5.3,191,151,2,High Exertion,Healthy
1453,2.15,0.95,0.19,5,46,118,5,Moderate Exertion,Unhealthy
10830,2.38,7.85,2,5.2,346,69,3,Normal,Healthy
17360,2.39,12.63,2,5.9,555,174,5,High Exertion,Unhealthy
12144,2.42,8.95,1,6.1,388,87,3,Normal,Healthy
4898,2.15,3.21,1,6.1,156,171,2,High Exertion,Unhealthy
4854,2.41,3.57,1,4.1,155,73,2,Normal,Healthy
15406,2.22,10.42,2,5.2,492,137,4,Moderate Exertion,Healthy
7716,2.23,5.25,1,4.2,246,130,2,Moderate Exertion,Healthy
14546,2.43,10.76,3,4,465,80,4,Normal,Healthy
5813,2.13,3.77,1,5.1,186,84,2,Normal,Healthy
9007,2.2,6.04,1,5.2,288,95,3,Normal,Healthy
7901,2.28,5.5,1,4.1,252,133,2,Moderate Exertion,Healthy
247,2.39,0.18,0.04,4.3,7,137,5,Moderate Exertion,Unhealthy
13662,2.38,9.9,2,4.8,437,96,4,Normal,Healthy
9302,2.21,6.28,1,6.1,297,108,3,Moderate Exertion,Healthy
6176,2.17,4.08,1,5.9,197,94,2,Normal,Healthy
671,2.44,0.5,0.08,6,21,109,5,Moderate Exertion,Unhealthy
688,2.38,0.5,0.08,6.1,22,138,5,Moderate Exertion,Unhealthy
7424,2.26,5.1,1,6.3,237,93,2,Normal,Healthy
16253,2.14,10.62,2,4.7,520,93,4,Normal,Healthy
11077,2.45,8.28,2,4.7,354,150,3,Moderate Exertion,Healthy
9004,2.21,6.07,1,6,288,100,3,Normal,Healthy
10345,2.33,7.36,1,5.8,331,124,3,Moderate Exertion,Healthy
3753,2.44,2.79,0.47,6,120,128,1,Moderate Exertion,Healthy
19791,2.25,13.55,2,6.1,633,137,5,Moderate Exertion,Healthy
5615,2.46,4.2,1,5.9,179,167,2,High Exertion,Healthy
4466,2.37,3.23,1,4.5,142,139,2,Moderate Exertion,Healthy
1580,2.18,1.05,0.18,6,50,164,1,High Exertion,Unhealthy
8252,2.41,6.06,1,4.6,264,74,3,Normal,Healthy
3997,2.2,2.68,1,4.5,127,88,1,Normal,Healthy
15014,2.49,11.39,2,5.4,480,78,4,Normal,Healthy
10736,2.2,7.21,1,4.9,343,126,3,Moderate Exertion,Healthy
19738,2.13,12.83,2,6.1,631,136,5,Moderate Exertion,Healthy
7835,2.25,5.38,1,5.3,250,157,2,High Exertion,Healthy
1413,2.2,0.95,0.18,5.4,45,86,5,Normal,Unhealthy
2862,2.16,1.88,0.38,5,91,167,1,High Exertion,Unhealthy
11488,2.3,8.05,2,4.3,367,115,3,Moderate Exertion,Healthy
6893,2.42,5.09,1,4.3,220,108,2,Moderate Exertion,Healthy
18152,2.5,13.81,3,4,580,113,5,Moderate Exertion,Healthy
17596,2.31,12.37,3,4.5,563,111,5,Moderate Exertion,Healthy
17945,2.15,11.77,3,4.3,574,78,4,Normal,Healthy
13904,2.45,10.39,2,5.8,444,171,4,High Exertion,Unhealthy
11189,2.39,8.16,2,5,358,94,3,Normal,Healthy
6373,2.17,4.21,1,5.8,203,114,2,Moderate Exertion,Healthy
6337,2.46,4.76,1,4.2,202,156,2,High Exertion,Healthy
3914,2.31,2.76,1,5.5,125,71,1,Normal,Healthy
12273,2.27,8.51,1,5.9,392,118,3,Moderate Exertion,Healthy
17561,2.16,11.55,2,4.9,561,132,4,Moderate Exertion,Healthy
5397,2.3,3.79,1,4,172,124,2,Moderate Exertion,Healthy
3317,2.46,2.49,0.49,5.1,106,169,1,High Exertion,Unhealthy
2196,2.3,1.54,0.24,6.3,70,60,1,Normal,Unhealthy
5974,2.37,4.32,1,5.5,191,174,2,High Exertion,Unhealthy
1859,2.27,1.29,0.28,4.6,59,77,1,Normal,Unhealthy
694,2.39,0.51,0.12,4.3,22,135,5,Moderate Exertion,Unhealthy
18173,2.21,12.25,2,6.3,581,167,5,High Exertion,Healthy
14705,2.28,10.22,2,4.9,470,77,4,Normal,Healthy
19668,2.44,14.63,4,4.1,629,80,5,Normal,Healthy
12107,2.38,8.8,2,5.5,387,138,3,Moderate Exertion,Healthy
2433,2.35,1.74,0.27,6.4,77,84,1,Normal,Unhealthy
19610,2.14,12.77,2,5.2,627,171,5,High Exertion,Unhealthy
9854,2.1,6.31,1,4.8,315,83,3,Normal,Healthy
1178,2.25,0.81,0.18,4.4,37,173,5,High Exertion,Unhealthy
9424,2.43,6.98,1,5.5,301,118,3,Moderate Exertion,Healthy
14879,2.3,10.41,2,6.1,476,87,4,Normal,Healthy
1483,2.29,1.03,0.21,4.8,47,104,1,Moderate Exertion,Unhealthy
10493,2.24,7.16,2,4.7,335,125,3,Moderate Exertion,Healthy
12669,2.11,8.14,2,5.2,405,87,3,Normal,Healthy
3324,2.43,2.46,1,4,106,167,1,High Exertion,Healthy
9798,2.31,6.89,1,4.9,313,115,3,Moderate Exertion,Healthy
9762,2.44,7.27,1,5,312,139,3,Moderate Exertion,Healthy
2355,2.48,1.78,0.43,4.1,75,125,1,Moderate Exertion,Unhealthy
853,2.1,0.55,0.1,5.5,27,121,5,Moderate Exertion,Unhealthy
7711,2.48,5.83,1,5.2,246,149,2,Moderate Exertion,Healthy
14460,2.41,10.6,2,4.7,462,80,4,Normal,Healthy
14143,2.14,9.24,2,5.9,452,174,4,High Exertion,Unhealthy
19135,2.49,14.53,3,5.6,612,65,5,Normal,Healthy
15227,2.18,10.13,2,4.2,487,86,4,Normal,Healthy
10551,2.3,7.39,1,6.4,337,142,3,Moderate Exertion,Healthy
14175,2.26,9.78,2,6.2,453,143,4,Moderate Exertion,Healthy
14175,2.42,10.46,2,4.2,453,61,4,Normal,Healthy
16455,2.34,11.74,3,4.4,526,161,4,High Exertion,Healthy
18406,2.4,13.48,3,4.6,588,174,5,High Exertion,Unhealthy
19700,2.14,12.85,3,4.7,630,139,5,Moderate Exertion,Healthy
9282,2.19,6.2,1,5.3,297,122,3,Moderate Exertion,Healthy
15348,2.49,11.67,2,5.8,491,135,4,Moderate Exertion,Healthy
10793,2.42,7.96,1,5.6,345,127,3,Moderate Exertion,Healthy
17691,2.35,12.65,2,6.3,566,172,5,High Exertion,Unhealthy
14994,2.11,9.66,2,4.9,479,62,4,Normal,Healthy
8272,2.4,6.05,1,5.9,264,175,3,High Exertion,Unhealthy
12291,2.34,8.76,2,4.3,393,103,3,Moderate Exertion,Healthy
7491,2.41,5.5,1,5.1,239,64,2,Normal,Healthy
15277,2.13,9.89,2,5.1,488,106,4,Moderate Exertion,Healthy
19385,2.13,12.59,3,5,620,82,5,Normal,Healthy
6102,2.35,4.37,1,4.7,195,92,2,Normal,Healthy
12902,2.19,8.62,2,5.3,412,87,3,Normal,Healthy
18368,2.14,11.97,2,5,587,101,4,Moderate Exertion,Healthy
7959,2.41,5.86,1,5.5,254,168,2,High Exertion,Healthy
14394,2.23,9.77,2,4.2,460,178,4,High Exertion,Unhealthy
491,2.34,0.35,0.09,4.1,15,167,5,High Exertion,Unhealthy
5970,2.49,4.52,1,5,191,160,2,High Exertion,Healthy
6620,2.45,4.94,1,4.7,211,61,2,Normal,Healthy
10563,2.35,7.56,2,4.4,338,154,3,High Exertion,Healthy
899,2.24,0.61,0.1,6.1,28,94,5,Normal,Unhealthy
10342,2.14,6.75,2,4.1,330,132,3,Moderate Exertion,Healthy
5899,2.35,4.23,1,6.2,188,142,2,Moderate Exertion,Healthy
15076,2.46,11.31,2,5.8,482,102,4,Moderate Exertion,Healthy
12230,2.13,7.94,1,5.9,391,179,3,High Exertion,Unhealthy
167,2.37,0.12,0.02,4.9,5,142,5,Moderate Exertion,Unhealthy
18108,2.34,12.9,2,6.3,579,173,5,High Exertion,Unhealthy
12543,2.34,8.93,2,4.6,401,138,3,Moderate Exertion,Healthy
7691,2.39,5.61,1,4.7,246,176,2,High Exertion,Unhealthy
13259,2.2,8.91,2,5,424,93,3,Normal,Healthy
2989,2.38,2.16,0.44,4.9,95,99,1,Normal,Healthy
12244,2.16,8.08,1,5.4,391,172,3,High Exertion,Unhealthy
10928,2.24,7.47,2,4.1,349,63,3,Normal,Healthy
5435,2.28,3.77,1,5.6,173,87,2,Normal,Healthy
13055,2.44,9.72,2,5.5,417,77,4,Normal,Healthy
19228,2.12,12.42,3,4.4,615,122,5,Moderate Exertion,Healthy
594,2.28,0.41,0.09,4.7,19,75,5,Normal,Unhealthy
5217,2.27,3.61,1,6.4,166,104,2,Moderate Exertion,Healthy
15269,2.41,11.21,2,4.6,488,145,4,Moderate Exertion,Healthy
9740,2.32,6.89,2,4.2,311,97,3,Normal,Healthy
8893,2.21,6,1,5.2,284,175,2,High Exertion,Unhealthy
10943,2.11,7.03,2,4.1,350,126,3,Moderate Exertion,Healthy
5923,2.49,4.5,1,5.6,189,76,2,Normal,Healthy
19029,2.4,13.92,3,5.4,608,173,5,High Exertion,Unhealthy
5144,2.33,3.65,1,5.2,164,160,2,High Exertion,Healthy
8285,2.34,5.9,1,6.3,265,65,2,Normal,Healthy
15867,2.19,10.59,2,4.3,507,105,4,Moderate Exertion,Healthy
19937,2.27,13.82,2,5.7,637,129,5,Moderate Exertion,Healthy
16499,2.21,11.13,2,5.2,527,134,4,Moderate Exertion,Healthy
7965,2.35,5.7,1,4.7,254,83,2,Normal,Healthy
11826,2.43,8.75,2,5.7,378,167,3,High Exertion,Healthy
11873,2.22,8.03,2,4.3,379,161,3,High Exertion,Healthy
16568,2.4,12.1,2,6,530,110,5,Moderate Exertion,Healthy
481,2.2,0.32,0.06,5.2,15,147,5,Moderate Exertion,Unhealthy
18926,2.18,12.56,2,5.5,605,159,5,High Exertion,Healthy
17834,2.41,13.1,2,5.5,570,138,5,Moderate Exertion,Healthy
6191,2.49,4.69,1,4.3,198,68,2,Normal,Healthy
16518,2.15,10.81,2,5.8,528,69,4,Normal,Healthy
4137,2.32,2.92,1,5.3,132,73,1,Normal,Healthy
16245,2.22,10.99,2,4.5,519,128,4,Moderate Exertion,Healthy
18790,2.39,13.69,3,5.3,601,146,5,Moderate Exertion,Healthy
16858,2.14,10.98,2,6.3,539,97,4,Normal,Healthy
4637,2.22,3.13,1,4.6,148,158,2,High Exertion,Healthy
8045,2.46,6.03,1,4.5,257,179,3,High Exertion,Unhealthy
17316,2.11,11.13,2,4.9,554,138,4,Moderate Exertion,Healthy
6820,2.37,4.93,1,4.2,218,127,2,Moderate Exertion,Healthy
12131,2.37,8.75,2,5.5,388,144,3,Moderate Exertion,Healthy
12184,2.39,8.88,2,4.2,389,149,3,Moderate Exertion,Healthy
11160,2.14,7.29,2,4.3,357,67,3,Normal,Healthy
13580,2.2,9.12,2,4.8,434,128,4,Moderate Exertion,Healthy
5833,2.46,4.37,1,5.6,186,121,2,Moderate Exertion,Healthy
17982,2.35,12.9,2,5.5,575,107,5,Moderate Exertion,Healthy
12901,2.45,9.64,2,6.3,412,175,4,High Exertion,Unhealthy
6261,2.27,4.33,1,5.5,200,119,2,Moderate Exertion,Healthy
16177,2.18,10.74,2,5.5,517,146,4,Moderate Exertion,Healthy
16193,2.11,10.43,2,4.8,518,75,4,Normal,Healthy
3401,2.37,2.45,0.43,5.7,108,136,1,Moderate Exertion,Healthy
8403,2.38,6.1,1,6.1,268,145,3,Moderate Exertion,Healthy
17044,2.43,12.64,2,6.1,545,166,5,High Exertion,Healthy
5207,2.16,3.42,1,4.3,166,76,2,Normal,Healthy
11066,2.35,7.93,1,5.9,354,161,3,High Exertion,Healthy
5060,2.25,3.46,1,5.8,161,83,2,Normal,Healthy
14015,2.49,10.63,2,5.4,448,111,4,Moderate Exertion,Healthy
15984,2.5,12.18,2,5.9,511,145,5,Moderate Exertion,Healthy
16471,2.23,11.2,2,5.3,527,68,4,Normal,Healthy
6468,2.23,4.4,1,4.4,206,86,2,Normal,Healthy
2266,2.25,1.56,0.27,5.7,72,127,1,Moderate Exertion,Unhealthy
19230,2.48,14.54,3,5.3,615,73,5,Normal,Healthy
19534,2.19,13.01,3,4.2,625,122,5,Moderate Exertion,Healthy
11696,2.31,8.23,1,6.1,374,62,3,Normal,Healthy
16204,2.3,11.38,2,4.9,518,82,4,Normal,Healthy
7631,2.14,4.97,1,4.2,244,116,2,Moderate Exertion,Healthy
10367,2.21,6.98,2,4.1,331,157,3,High Exertion,Healthy
17560,2.29,12.24,2,6.1,561,108,5,Moderate Exertion,Healthy
14811,2.3,10.38,2,5.6,473,156,4,High Exertion,Healthy
15633,2.11,10.03,2,5.4,500,85,4,Normal,Healthy
16654,2.2,11.19,2,5.2,532,103,4,Moderate Exertion,Healthy
1496,2.39,1.09,0.2,5.4,47,93,1,Normal,Unhealthy
1334,2.43,0.99,0.17,5.9,42,164,5,High Exertion,Unhealthy
5036,2.48,3.81,1,4.8,161,161,2,High Exertion,Healthy
18177,2.44,13.53,3,5.1,581,134,5,Moderate Exertion,Healthy
3445,2.39,2.51,1,4.3,110,146,1,Moderate Exertion,Healthy
5201,2.22,3.52,1,4.8,166,165,2,High Exertion,Healthy
7521,2.25,5.17,1,4.5,240,134,2,Moderate Exertion,Healthy
5184,2.15,3.4,1,4.4,165,169,2,High Exertion,Unhealthy
16613,2.34,11.85,3,4.3,531,156,4,High Exertion,Healthy
6049,2.29,4.23,1,6.1,193,94,2,Normal,Healthy
18341,2.41,13.49,2,6.1,586,79,5,Normal,Healthy
1507,2.27,1.04,0.25,4.2,48,60,1,Normal,Unhealthy
4773,2.24,3.26,1,4.2,152,63,2,Normal,Healthy
11090,2.22,7.52,2,5,354,157,3,High Exertion,Healthy
1003,2.24,0.69,0.16,4.2,32,122,5,Moderate Exertion,Unhealthy
861,2.4,0.63,0.11,5.8,27,102,5,Moderate Exertion,Unhealthy
11810,2.21,7.96,2,5,377,87,3,Normal,Healthy
13349,2.35,9.55,2,6.1,427,171,4,High Exertion,Unhealthy
12068,2.31,8.5,2,5,386,153,3,High Exertion,Healthy
2595,2.36,1.86,0.32,5.8,83,77,1,Normal,Unhealthy
6865,2.37,4.95,1,4.6,219,87,2,Normal,Healthy
1700,2.18,1.13,0.19,6.1,54,142,1,Moderate Exertion,Unhealthy
10887,2.3,7.64,1,5.6,348,155,3,High Exertion,Healthy
19844,2.39,14.44,3,5.7,635,68,5,Normal,Healthy
6955,2.31,4.89,1,5.4,222,92,2,Normal,Healthy
15706,2.3,11.03,2,5,502,93,4,Normal,Healthy
5140,2.47,3.87,1,5.3,164,118,2,Moderate Exertion,Healthy
6729,2.11,4.33,1,4.7,215,116,2,Moderate Exertion,Healthy
10768,2.47,8.1,2,5.3,344,67,3,Normal,Healthy
16999,2.42,12.52,3,4.1,543,94,5,Normal,Healthy
236,2.24,0.16,0.03,6.3,7,78,5,Normal,Unhealthy
7638,2.11,4.91,1,4.5,244,102,2,Moderate Exertion,Healthy
10998,2.37,7.96,2,4,351,150,3,Moderate Exertion,Healthy
3575,2.36,2.57,0.42,6.1,114,171,1,High Exertion,Unhealthy
10645,2.27,7.38,1,5.7,340,84,3,Normal,Healthy
3274,2.49,2.49,0.47,5.3,104,126,1,Moderate Exertion,Healthy
18544,2.13,12.03,3,4.8,593,98,5,Normal,Healthy
4340,2.37,3.14,1,4.9,138,79,2,Normal,Healthy
17622,2.15,11.52,2,5.5,563,140,4,Moderate Exertion,Healthy
11808,2.19,7.87,2,5,377,115,3,Moderate Exertion,Healthy
5180,2.35,3.72,1,5.6,165,134,2,Moderate Exertion,Healthy
18331,2.22,12.43,3,4.7,586,163,5,High Exertion,Healthy
3666,2.26,2.53,0.41,6.1,117,104,1,Moderate Exertion,Healthy
6585,2.15,4.32,1,6.1,210,148,2,Moderate Exertion,Healthy
19885,2.37,14.37,3,5.6,636,141,5,Moderate Exertion,Healthy
5210,2.31,3.66,1,4.7,166,166,2,High Exertion,Healthy
5314,2.24,3.63,1,5.6,170,176,2,High Exertion,Unhealthy
13865,2.21,9.33,2,5.2,443,76,4,Normal,Healthy
12576,2.31,8.84,2,5.8,402,131,3,Moderate Exertion,Healthy
2877,2.11,1.85,0.44,4.2,92,170,1,High Exertion,Unhealthy
9183,2.33,6.52,1,5,293,160,3,High Exertion,Healthy
13232,2.21,8.93,2,5.6,423,155,3,High Exertion,Healthy
427,2.41,0.31,0.06,5.2,13,172,5,High Exertion,Unhealthy
9997,2.32,7.08,1,5.4,319,138,3,Moderate Exertion,Healthy
1894,2.17,1.25,0.27,4.7,60,146,1,Moderate Exertion,Unhealthy
7606,2.47,5.73,1,4.5,243,121,2,Moderate Exertion,Healthy
7223,2.4,5.28,1,5.3,231,128,2,Moderate Exertion,Healthy
19968,2.25,13.71,2,6.2,638,109,5,Moderate Exertion,Healthy
18138,2.5,13.8,3,5.5,580,77,5,Normal,Healthy
15427,2.2,10.37,2,5.4,493,91,4,Normal,Healthy
171,2.14,0.11,0.03,4.1,5,81,5,Normal,Unhealthy
3189,2.21,2.15,0.38,5.6,102,66,1,Normal,Healthy
18813,2.49,14.26,3,4.6,602,96,5,Normal,Healthy
7393,2.16,4.86,1,4.6,236,79,2,Normal,Healthy
249,2.13,0.16,0.03,4.7,7,123,5,Moderate Exertion,Unhealthy
19382,2.17,12.81,2,5.6,620,117,5,Moderate Exertion,Healthy
13720,2.18,9.14,2,5.2,439,121,4,Moderate Exertion,Healthy
8949,2.33,6.35,2,4.2,286,164,3,High Exertion,Healthy
7157,2.15,4.68,1,4.1,229,152,2,High Exertion,Healthy
17370,2.49,13.18,2,6.2,555,133,5,Moderate Exertion,Healthy
11583,2.43,8.58,2,4.4,370,123,3,Moderate Exertion,Healthy
5715,2.34,4.08,1,4.9,182,144,2,Moderate Exertion,Healthy
14259,2.38,10.34,2,5.7,456,83,4,Normal,Healthy
11547,2.37,8.35,2,5.1,369,147,3,Moderate Exertion,Healthy
16210,2.13,10.55,2,5.6,518,118,4,Moderate Exertion,Healthy
7866,2.33,5.6,1,5.1,251,129,2,Moderate Exertion,Healthy
9267,2.26,6.37,1,5.8,296,135,3,Moderate Exertion,Healthy
1390,2.22,0.94,0.21,4.5,44,142,5,Moderate Exertion,Unhealthy
14152,2.49,10.75,2,4.5,452,137,4,Moderate Exertion,Healthy
18227,2.15,11.94,2,5.6,583,169,4,High Exertion,Unhealthy
12828,2.21,8.63,1,6.1,410,122,3,Moderate Exertion,Healthy
10319,2.33,7.34,1,5.1,330,81,3,Normal,Healthy
5166,2.11,3.32,1,4.2,165,154,2,High Exertion,Healthy
8964,2.34,6.39,2,4.2,286,128,3,Moderate Exertion,Healthy
6294,2.39,4.59,1,5.9,201,77,2,Normal,Healthy
5928,2.12,3.83,1,5.6,189,148,2,Moderate Exertion,Healthy
6694,2.21,4.51,1,4.3,214,142,2,Moderate Exertion,Healthy
8668,2.32,6.13,1,5.1,277,138,3,Moderate Exertion,Healthy
18228,2.1,11.67,3,4.3,583,128,4,Moderate Exertion,Healthy
10480,2.11,6.75,1,6.4,335,98,3,Normal,Healthy
6363,2.38,4.62,1,5.5,203,104,2,Moderate Exertion,Healthy
9414,2.4,6.89,1,6.2,301,108,3,Moderate Exertion,Healthy
16134,2.49,12.24,2,5.4,516,103,5,Moderate Exertion,Healthy
6503,2.22,4.41,1,4.3,208,145,2,Moderate Exertion,Healthy
19059,2.19,12.72,2,6,609,170,5,High Exertion,Unhealthy
19953,2.46,14.95,3,5.8,638,87,5,Normal,Healthy
10804,2.3,7.59,1,5.6,345,97,3,Normal,Healthy
17390,2.39,12.66,2,5.4,556,177,5,High Exertion,Unhealthy
2445,2.23,1.66,0.38,4.4,78,85,1,Normal,Unhealthy
17552,2.33,12.49,2,5.8,561,153,5,High Exertion,Healthy
11452,2.39,8.36,1,5.7,366,155,3,High Exertion,Healthy
11468,2.41,8.41,2,4.9,366,88,3,Normal,Healthy
18882,2.42,13.94,3,4.4,604,171,5,High Exertion,Unhealthy
10127,2.38,7.35,1,5.9,324,140,3,Moderate Exertion,Healthy
2852,2.31,2,0.43,4.7,91,176,1,High Exertion,Unhealthy
15036,2.49,11.42,2,6.2,481,129,4,Moderate Exertion,Healthy
11392,2.2,7.63,2,4.9,364,177,3,High Exertion,Unhealthy
931,2.48,0.7,0.11,6.2,29,138,5,Moderate Exertion,Unhealthy
12387,2.26,8.52,2,4.1,396,164,3,High Exertion,Healthy
17947,2.4,13.14,3,4.2,574,87,5,Normal,Healthy
15661,2.12,10.12,2,4.5,501,120,4,Moderate Exertion,Healthy
685,2.16,0.45,0.08,5.3,21,164,5,High Exertion,Unhealthy
2318,2.11,1.49,0.33,4.5,74,76,1,Normal,Unhealthy
12000,2.24,8.19,2,4.7,384,75,3,Normal,Healthy
8713,2.48,6.59,2,4.1,278,173,3,High Exertion,Unhealthy
822,2.31,0.58,0.1,5.6,26,179,5,High Exertion,Unhealthy
804,2.37,0.58,0.13,4.4,25,153,5,High Exertion,Unhealthy
11893,2.27,8.24,1,6.2,380,118,3,Moderate Exertion,Healthy
3449,2.22,2.33,0.37,6.3,110,65,1,Normal,Healthy
10544,2.45,7.87,1,6.3,337,129,3,Moderate Exertion,Healthy
15406,2.5,11.74,3,4.2,492,149,4,Moderate Exertion,Healthy
9376,2.16,6.18,1,5.3,300,61,3,Normal,Healthy
1812,2.18,1.2,0.29,4.2,57,145,1,Moderate Exertion,Unhealthy
1958,2.32,1.39,0.26,5.4,62,123,1,Moderate Exertion,Unhealthy
5643,2.45,4.21,1,6.2,180,100,2,Normal,Healthy
430,2.4,0.31,0.06,4.9,13,143,5,Moderate Exertion,Unhealthy
18081,2.18,12.01,3,4.3,578,70,5,Normal,Healthy
387,2.25,0.27,0.05,5,12,148,5,Moderate Exertion,Unhealthy
2671,2.41,1.96,0.39,5,85,72,1,Normal,Unhealthy
7778,2.4,5.69,1,4.3,248,127,2,Moderate Exertion,Healthy
6059,2.33,4.3,1,4.7,193,91,2,Normal,Healthy
4766,2.26,3.28,1,4.7,152,141,2,Moderate Exertion,Healthy
12900,2.46,9.68,2,4.4,412,109,4,Moderate Exertion,Healthy
8419,2.17,5.56,1,6.1,269,155,2,High Exertion,Healthy
5035,2.37,3.63,1,5,161,124,2,Moderate Exertion,Healthy
9470,2.25,6.48,2,4.2,303,116,3,Moderate Exertion,Healthy
17999,2.46,13.47,2,5.5,575,107,5,Moderate Exertion,Healthy
6296,2.42,4.65,1,5.1,201,121,2,Moderate Exertion,Healthy
11603,2.13,7.54,2,4.8,371,130,3,Moderate Exertion,Healthy
13091,2.4,9.57,2,4.4,418,73,4,Normal,Healthy
1122,2.15,0.74,0.16,4.6,35,107,5,Moderate Exertion,Unhealthy
19501,2.17,12.88,2,6.2,624,164,5,High Exertion,Healthy
909,2.39,0.66,0.14,4.6,29,155,5,High Exertion,Unhealthy
4121,2.49,3.13,1,5.5,131,147,2,Moderate Exertion,Healthy
3550,2.38,2.58,1,4.5,113,74,1,Normal,Healthy
4145,2.39,3.02,1,5.6,132,153,2,High Exertion,Healthy
17510,2.48,13.22,2,5.5,560,136,5,Moderate Exertion,Healthy
2216,2.45,1.65,0.27,6.1,70,160,1,High Exertion,Unhealthy
4893,2.15,3.2,1,4.1,156,66,2,Normal,Healthy
17475,2.36,12.59,3,4.8,559,79,5,Normal,Healthy
15947,2.13,10.37,2,6.3,510,98,4,Normal,Healthy
5520,2.19,3.69,1,5.8,176,81,2,Normal,Healthy
3670,2.5,2.79,1,4.3,117,96,1,Normal,Healthy
10048,2.14,6.55,1,5.6,321,166,3,High Exertion,Healthy
4656,2.33,3.31,1,5.9,148,96,2,Normal,Healthy
3259,2.36,2.35,0.41,5.8,104,61,1,Normal,Healthy
4895,2.47,3.69,1,4.6,156,123,2,Moderate Exertion,Healthy
14400,2.11,9.27,2,6,460,133,4,Moderate Exertion,Healthy
5624,2.39,4.09,1,5.5,179,171,2,High Exertion,Unhealthy
18668,2.24,12.74,2,6.4,597,176,5,High Exertion,Unhealthy
5249,2.1,3.36,1,4.2,167,108,2,Moderate Exertion,Healthy
17838,2.29,12.47,2,5.7,570,146,5,Moderate Exertion,Healthy
17867,2.24,12.22,2,6.2,571,171,5,High Exertion,Unhealthy
19138,2.49,14.54,3,4.8,612,65,5,Normal,Healthy
11544,2.24,7.89,1,5.7,369,163,3,High Exertion,Healthy
16914,2.23,11.5,2,6.3,541,110,4,Moderate Exertion,Healthy
7578,2.42,5.6,1,5.9,242,92,2,Normal,Healthy
12503,2.5,9.52,2,5.4,400,148,4,Moderate Exertion,Healthy
11938,2.28,8.28,1,6.4,382,127,3,Moderate Exertion,Healthy
19142,2.36,13.77,3,4.5,612,138,5,Moderate Exertion,Healthy
159,2.45,0.12,0.03,4.1,5,106,5,Moderate Exertion,Unhealthy
2924,2.38,2.12,0.34,6.3,93,141,1,Moderate Exertion,Healthy
17215,2.17,11.4,2,4.6,550,100,4,Normal,Healthy
14512,2.26,9.98,2,4.8,464,103,4,Moderate Exertion,Healthy
17913,2.12,11.58,3,4.4,573,61,4,Normal,Healthy
14388,2.2,9.65,2,4.9,460,177,4,High Exertion,Unhealthy
14599,2.47,10.97,2,5.3,467,160,4,High Exertion,Healthy
5171,2.31,3.64,1,6.4,165,84,2,Normal,Healthy
3525,2.29,2.47,0.46,5.4,112,139,1,Moderate Exertion,Healthy
9103,2.29,6.35,1,6.4,291,123,3,Moderate Exertion,Healthy
8445,2.46,6.33,1,5.9,270,164,3,High Exertion,Healthy
9344,2.19,6.25,1,6.4,299,121,3,Moderate Exertion,Healthy
11601,2.29,8.1,2,4.3,371,175,3,High Exertion,Unhealthy
1185,2.38,0.86,0.2,4.2,37,92,5,Normal,Unhealthy
7858,2.46,5.88,1,4.5,251,163,2,High Exertion,Healthy
18033,2.27,12.47,2,5.5,577,60,5,Normal,Healthy
11719,2.15,7.68,1,5.7,375,150,3,Moderate Exertion,Healthy
15242,2.41,11.21,2,5.7,487,170,4,High Exertion,Unhealthy
5754,2.26,3.96,1,4.4,184,167,2,High Exertion,Healthy
2267,2.18,1.51,0.28,5.4,72,152,1,High Exertion,Unhealthy
13875,2.28,9.62,2,5.4,444,92,4,Normal,Healthy
3727,2.4,2.73,1,4.9,119,157,1,High Exertion,Healthy
7470,2.29,5.21,1,5.3,239,101,2,Moderate Exertion,Healthy
19509,2.24,13.31,3,4.4,624,94,5,Normal,Healthy
13736,2.36,9.88,2,4.7,439,141,4,Moderate Exertion,Healthy
2743,2.23,1.86,0.38,4.9,87,109,1,Moderate Exertion,Unhealthy
14502,2.32,10.27,2,5.2,464,102,4,Moderate Exertion,Healthy
8197,2.42,6.04,1,6.3,262,83,3,Normal,Healthy
3075,2.3,2.15,0.38,5.7,98,172,1,High Exertion,Unhealthy
1752,2.21,1.18,0.24,5,56,173,1,High Exertion,Unhealthy
9213,2.3,6.45,1,5.4,294,138,3,Moderate Exertion,Healthy
1791,2.36,1.29,0.22,5.8,57,83,1,Normal,Unhealthy
2342,2.38,1.7,0.34,5,74,164,1,High Exertion,Unhealthy
4420,2.39,3.23,1,5.4,141,80,2,Normal,Healthy
128,2.45,0.1,0.02,4.1,4,92,5,Normal,Unhealthy
12353,2.17,8.19,1,6.1,395,131,3,Moderate Exertion,Healthy
5443,2.24,3.72,1,6,174,179,2,High Exertion,Unhealthy
15184,2.36,10.92,3,4.2,485,81,4,Normal,Healthy
9812,2.46,7.35,1,5.1,313,166,3,High Exertion,Healthy
11239,2.37,8.12,2,4.2,359,68,3,Normal,Healthy
5426,2.47,4.08,1,4,173,87,2,Normal,Healthy
12252,2.43,9.06,2,5.8,392,158,4,High Exertion,Healthy
15070,2.12,9.72,2,6.2,482,102,4,Moderate Exertion,Healthy
6532,2.2,4.38,1,5.9,209,126,2,Moderate Exertion,Healthy
8476,2.25,5.81,1,4.9,271,82,2,Normal,Healthy
19181,2.28,13.34,3,4.3,613,157,5,High Exertion,Healthy
19063,2.18,12.69,2,5.9,610,109,5,Moderate Exertion,Healthy
3849,2.41,2.82,0.46,6.1,123,102,1,Moderate Exertion,Healthy
11128,2.24,7.6,1,5.2,356,124,3,Moderate Exertion,Healthy
4824,2.36,3.47,1,4.5,154,71,2,Normal,Healthy
13947,2.4,10.2,2,6.3,446,146,4,Moderate Exertion,Healthy
2422,2.21,1.63,0.31,5.2,77,146,1,Moderate Exertion,Unhealthy
17116,2.46,12.83,2,5.4,547,159,5,High Exertion,Healthy
11702,2.25,8.04,2,5.3,374,127,3,Moderate Exertion,Healthy
9968,2.49,7.57,1,5.4,318,62,3,Normal,Healthy
2322,2.49,1.76,0.28,6.4,74,103,1,Moderate Exertion,Unhealthy
8726,2.32,6.16,1,4.5,279,78,3,Normal,Healthy
413,2.12,0.27,0.06,4.9,13,149,5,Moderate Exertion,Unhealthy
12226,2.13,7.93,1,6,391,148,3,Moderate Exertion,Healthy
10773,2.34,7.69,1,6.4,344,88,3,Normal,Healthy
12234,2.38,8.86,2,5.4,391,102,3,Moderate Exertion,Healthy
13907,2.39,10.13,2,5.3,445,172,4,High Exertion,Unhealthy
4340,2.36,3.12,1,5.4,138,136,2,Moderate Exertion,Healthy
17856,2.17,11.8,3,4.1,571,102,4,Moderate Exertion,Healthy
16958,2.48,12.82,2,5.7,542,84,5,Normal,Healthy
1934,2.41,1.42,0.23,6.3,61,127,1,Moderate Exertion,Unhealthy
114,2.35,0.08,0.02,4,3,108,5,Moderate Exertion,Unhealthy
2776,2.3,1.94,0.4,4.8,88,135,1,Moderate Exertion,Unhealthy
4074,2.32,2.87,1,5.1,130,141,1,Moderate Exertion,Healthy
13900,2.16,9.13,2,4.7,444,116,4,Moderate Exertion,Healthy
8166,2.2,5.49,1,4.9,261,82,2,Normal,Healthy
3883,2.4,2.84,0.48,5.9,124,149,1,Moderate Exertion,Healthy
3588,2.32,2.53,1,4.6,114,108,1,Moderate Exertion,Healthy
6285,2.36,4.53,1,6.1,201,137,2,Moderate Exertion,Healthy
4068,2.13,2.64,0.44,6,130,86,1,Normal,Healthy
8280,2.25,5.69,1,4.8,264,149,2,Moderate Exertion,Healthy
8563,2.23,5.81,1,6,274,96,2,Normal,Healthy
5077,2.5,3.86,1,5.9,162,149,2,Moderate Exertion,Healthy
16019,2.18,10.65,2,4.7,512,95,4,Normal,Healthy
15920,2.37,11.49,2,6.2,509,99,4,Normal,Healthy
1391,2.46,1.04,0.2,5.1,44,101,1,Moderate Exertion,Unhealthy
1149,2.27,0.79,0.18,4.4,36,107,5,Moderate Exertion,Unhealthy
18352,2.49,13.95,3,4.9,587,95,5,Normal,Healthy
15450,2.18,10.29,2,5.6,494,153,4,High Exertion,Healthy
15281,2.1,9.79,2,5.6,488,91,4,Normal,Healthy
10649,2.42,7.86,2,4.9,340,66,3,Normal,Healthy
14359,2.45,10.74,2,5,459,78,4,Normal,Healthy
4221,2.4,3.09,1,5.2,135,126,2,Moderate Exertion,Healthy
8886,2.19,5.92,1,4.2,284,163,2,High Exertion,Healthy
5455,2.38,3.96,1,4.6,174,78,2,Normal,Healthy
5606,2.33,3.98,1,5.4,179,61,2,Normal,Healthy
4418,2.49,3.36,1,6,141,146,2,Moderate Exertion,Healthy
6609,2.23,4.5,1,6.1,211,171,2,High Exertion,Unhealthy
583,2.16,0.38,0.07,5.6,18,89,5,Normal,Unhealthy
12528,2.31,8.82,2,4.4,400,167,3,High Exertion,Healthy
5767,2.13,3.74,1,4.9,184,107,2,Moderate Exertion,Healthy
18635,2.4,13.65,3,5,596,165,5,High Exertion,Healthy
14629,2.31,10.31,2,5.1,468,127,4,Moderate Exertion,Healthy
2060,2.3,1.44,0.24,6.1,65,110,1,Moderate Exertion,Unhealthy
9390,2.36,6.76,1,5.4,300,161,3,High Exertion,Healthy
14604,2.45,10.91,2,5.8,467,69,4,Normal,Healthy
19491,2.45,14.53,3,4.5,623,126,5,Moderate Exertion,Healthy
18822,2.31,13.26,3,5.3,602,111,5,Moderate Exertion,Healthy
16970,2.3,11.87,3,4.3,543,91,4,Normal,Healthy
8567,2.26,5.9,1,5.4,274,85,2,Normal,Healthy
19617,2.16,12.92,2,5.6,627,147,5,Moderate Exertion,Healthy
13740,2.25,9.42,2,4.7,439,111,4,Moderate Exertion,Healthy
10220,2.27,7.07,2,4.1,327,104,3,Moderate Exertion,Healthy
1826,2.27,1.27,0.23,5.6,58,139,1,Moderate Exertion,Unhealthy
15477,2.38,11.22,3,4,495,159,4,High Exertion,Healthy
2072,2.33,1.47,0.31,4.8,66,80,1,Normal,Unhealthy
10828,2.19,7.24,1,5.1,346,172,3,High Exertion,Unhealthy
16953,2.36,12.21,2,5.5,542,101,5,Moderate Exertion,Healthy
19832,2.34,14.16,3,5.4,634,80,5,Normal,Healthy
4344,2.34,3.1,1,4.4,139,143,2,Moderate Exertion,Healthy
15141,2.14,9.87,2,5.6,484,147,4,Moderate Exertion,Healthy
10856,2.19,7.24,1,5.2,347,171,3,High Exertion,Unhealthy
1523,2.22,1.03,0.19,5.3,48,92,1,Normal,Unhealthy
19638,2.2,13.18,3,5,628,146,5,Moderate Exertion,Healthy
19022,2.11,12.22,2,5,608,110,5,Moderate Exertion,Healthy
19672,2.5,14.97,3,4.6,629,177,5,High Exertion,Unhealthy
13599,2.29,9.48,2,5.5,435,79,4,Normal,Healthy
2091,2.36,1.51,0.26,5.8,66,126,1,Moderate Exertion,Unhealthy
605,2.13,0.39,0.06,6.3,19,153,5,High Exertion,Unhealthy
2052,2.27,1.42,0.26,5.5,65,119,1,Moderate Exertion,Unhealthy
3780,2.48,2.85,0.46,6.2,120,112,1,Moderate Exertion,Healthy
1283,2.3,0.9,0.15,5.9,41,92,5,Normal,Unhealthy
8145,2.11,5.23,1,6,260,100,2,Normal,Healthy
804,2.16,0.53,0.12,4.6,25,96,5,Normal,Unhealthy
6181,2.48,4.68,1,4.4,197,98,2,Normal,Healthy
19482,2.11,12.55,3,4.3,623,154,5,High Exertion,Healthy
17694,2.23,12.05,2,5.2,566,137,5,Moderate Exertion,Healthy
4050,2.26,2.78,1,4.9,129,116,1,Moderate Exertion,Healthy
8520,2.31,6,1,4.3,272,160,3,High Exertion,Healthy
3708,2.31,2.61,1,5.1,118,79,1,Normal,Healthy
2462,2.28,1.71,0.35,4.9,78,156,1,High Exertion,Unhealthy
8373,2.26,5.78,1,4.5,267,176,2,High Exertion,Unhealthy
3132,2.3,2.2,0.47,4.7,100,179,1,High Exertion,Unhealthy
16451,2.26,11.31,2,6.4,526,86,4,Normal,Healthy
17726,2.26,12.22,2,4.9,567,71,5,Normal,Healthy
15431,2.46,11.59,2,5.8,493,154,4,High Exertion,Healthy
4878,2.32,3.45,1,4.5,156,133,2,Moderate Exertion,Healthy
8993,2.37,6.51,1,6.1,287,124,3,Moderate Exertion,Healthy
15564,2.46,11.67,2,5.2,498,82,4,Normal,Healthy
15896,2.27,10.99,2,5.3,508,145,4,Moderate Exertion,Healthy
18074,2.49,13.69,2,6,578,144,5,Moderate Exertion,Healthy
12125,2.38,8.8,2,5.6,388,121,3,Moderate Exertion,Healthy
10674,2.24,7.29,1,6.4,341,127,3,Moderate Exertion,Healthy
16973,2.11,10.9,2,6.1,543,86,4,Normal,Healthy
5687,2.27,3.93,1,5.6,181,113,2,Moderate Exertion,Healthy
4380,2.42,3.23,1,5.4,140,74,2,Normal,Healthy
5052,2.36,3.64,1,4.4,161,170,2,High Exertion,Unhealthy
4451,2.41,3.27,1,4.5,142,176,2,High Exertion,Unhealthy
14436,2.44,10.74,2,5.4,461,153,4,High Exertion,Healthy
7565,2.38,5.48,1,5.7,242,71,2,Normal,Healthy
15107,2.3,10.61,2,4.6,483,65,4,Normal,Healthy
11766,2.21,7.92,2,5,376,130,3,Moderate Exertion,Healthy
4838,2.29,3.37,1,4,154,60,2,Normal,Healthy
10831,2.41,7.95,1,5.5,346,176,3,High Exertion,Unhealthy
12968,2.12,8.37,2,4.8,414,72,3,Normal,Healthy
6329,2.25,4.34,1,4.6,202,166,2,High Exertion,Healthy
639,2.19,0.43,0.08,5.1,20,155,5,High Exertion,Unhealthy
19504,2.43,14.45,2,5.9,624,118,5,Moderate Exertion,Healthy
9122,2.47,6.87,1,5.1,291,110,3,Moderate Exertion,Healthy
7993,2.38,5.79,1,5.5,255,166,2,High Exertion,Healthy
6991,2.17,4.62,1,5.4,223,156,2,High Exertion,Healthy
3230,2.3,2.27,1,4.3,103,135,1,Moderate Exertion,Healthy
8010,2.28,5.57,1,4.6,256,75,2,Normal,Healthy
8008,2.22,5.41,1,6.3,256,66,2,Normal,Healthy
3082,2.45,2.3,0.49,4.7,98,124,1,Moderate Exertion,Healthy
8801,2.3,6.17,1,4.4,281,145,3,Moderate Exertion,Healthy
15607,2.12,10.08,2,5.3,499,62,4,Normal,Healthy
8468,2.39,6.17,1,5.9,270,97,3,Normal,Healthy
12828,2.29,8.95,1,6.1,410,108,3,Moderate Exertion,Healthy
16253,2.24,11.12,2,6.2,520,117,4,Moderate Exertion,Healthy
1919,2.29,1.34,0.24,5.7,61,162,1,High Exertion,Unhealthy
15454,2.17,10.22,2,4.4,494,100,4,Normal,Healthy
3479,2.25,2.39,0.41,5.8,111,159,1,High Exertion,Healthy
11404,2.33,8.09,2,4.7,364,111,3,Moderate Exertion,Healthy
4867,2.43,3.61,1,4.1,155,66,2,Normal,Healthy
15228,2.47,11.46,2,4.8,487,163,4,High Exertion,Healthy
8452,2.18,5.61,1,5.3,270,123,2,Moderate Exertion,Healthy
13944,2.12,9.02,2,5.4,446,164,4,High Exertion,Healthy
14366,2.28,9.97,2,6.4,459,86,4,Normal,Healthy
19305,2.11,12.39,2,5.9,617,133,5,Moderate Exertion,Healthy
12362,2.36,8.91,2,5.6,395,65,3,Normal,Healthy
11464,2.45,8.57,2,4.2,366,145,3,Moderate Exertion,Healthy
6096,2.34,4.34,1,6.3,195,93,2,Normal,Healthy
9895,2.33,7.01,1,5.4,316,127,3,Moderate Exertion,Healthy
18308,2.36,13.18,3,4.2,585,98,5,Normal,Healthy
18618,2.13,12.09,3,4.4,595,157,5,High Exertion,Healthy
1749,2.17,1.16,0.19,6.1,55,138,1,Moderate Exertion,Unhealthy
2906,2.45,2.17,0.44,4.9,92,128,1,Moderate Exertion,Healthy
2458,2.38,1.78,0.37,4.8,78,112,1,Moderate Exertion,Unhealthy
10236,2.42,7.55,1,5.5,327,105,3,Moderate Exertion,Healthy
12911,2.11,8.3,2,4.9,413,178,3,High Exertion,Unhealthy
8502,2.41,6.25,1,6.2,272,164,3,High Exertion,Healthy
138,2.16,0.09,0.02,5.6,4,161,5,High Exertion,Unhealthy
8659,2.25,5.94,1,5.8,277,91,2,Normal,Healthy
4659,2.11,2.99,1,5.5,149,81,1,Normal,Healthy
9262,2.26,6.37,1,5.1,296,128,3,Moderate Exertion,Healthy
14121,2.46,10.57,2,5,451,114,4,Moderate Exertion,Healthy
402,2.18,0.27,0.05,5.1,12,137,5,Moderate Exertion,Unhealthy
14335,2.37,10.38,2,5,458,127,4,Moderate Exertion,Healthy
19054,2.33,13.53,3,5.1,609,98,5,Normal,Healthy
8910,2.11,5.73,1,4.9,285,168,2,High Exertion,Healthy
15942,2.3,11.19,2,5,510,132,4,Moderate Exertion,Healthy
1293,2.28,0.9,0.21,4.2,41,98,5,Normal,Unhealthy
19340,2.17,12.82,3,4.9,618,66,5,Normal,Healthy
4843,2.42,3.57,1,6.2,154,168,2,High Exertion,Healthy
4101,2.38,2.97,1,5.5,131,155,1,High Exertion,Healthy
3702,2.42,2.74,1,5.3,118,153,1,High Exertion,Healthy
2043,2.46,1.53,0.36,4.3,65,89,1,Normal,Unhealthy
11166,2.47,8.41,2,4.6,357,126,3,Moderate Exertion,Healthy
5251,2.12,3.39,1,5.1,168,127,2,Moderate Exertion,Healthy
3812,2.36,2.74,1,4.5,121,119,1,Moderate Exertion,Healthy
8340,2.22,5.64,1,4.3,266,111,2,Moderate Exertion,Healthy
9154,2.44,6.82,1,6.1,292,146,3,Moderate Exertion,Healthy
4606,2.43,3.42,1,5.5,147,179,2,High Exertion,Unhealthy
15732,2.24,10.72,2,6.4,503,179,4,High Exertion,Unhealthy
12513,2.32,8.83,2,5.6,400,78,3,Normal,Healthy
1655,2.29,1.15,0.19,6.1,52,136,1,Moderate Exertion,Unhealthy
17242,2.24,11.75,2,6.3,551,110,4,Moderate Exertion,Healthy
12032,2.43,8.9,2,5.7,385,77,3,Normal,Healthy
6593,2.31,4.65,1,5.8,210,171,2,High Exertion,Unhealthy
13885,2.23,9.44,2,6,444,108,4,Moderate Exertion,Healthy
16622,2.49,12.61,3,4.4,531,169,5,High Exertion,Unhealthy
10304,2.22,6.97,1,6,329,80,3,Normal,Healthy
15398,2.13,9.99,2,5.2,492,95,4,Normal,Healthy
1093,2.38,0.79,0.13,6,34,104,5,Moderate Exertion,Unhealthy
655,2.13,0.43,0.07,6.3,20,72,5,Normal,Unhealthy
10184,2.19,6.81,1,5,325,132,3,Moderate Exertion,Healthy
14290,2.23,9.73,2,5.8,457,158,4,High Exertion,Healthy
3385,2.44,2.52,0.4,6.3,108,76,1,Normal,Healthy
652,2.4,0.48,0.08,5.9,20,129,5,Moderate Exertion,Unhealthy
10251,2.18,6.82,1,5.3,328,154,3,High Exertion,Healthy
17180,2.47,12.95,2,5.7,549,112,5,Moderate Exertion,Healthy
5508,2.37,3.98,1,4.7,176,70,2,Normal,Healthy
7748,2.16,5.09,1,4.1,247,131,2,Moderate Exertion,Healthy
18133,2.31,12.74,2,6.2,580,136,5,Moderate Exertion,Healthy
15733,2.43,11.63,2,6.1,503,169,4,High Exertion,Unhealthy
4210,2.35,3.02,1,4.4,134,122,2,Moderate Exertion,Healthy
14145,2.34,10.09,2,5.4,452,166,4,High Exertion,Healthy
10691,2.25,7.35,1,5.4,342,166,3,High Exertion,Healthy
16021,2.31,11.3,2,5.2,512,110,4,Moderate Exertion,Healthy
10620,2.31,7.49,2,4.3,339,102,3,Moderate Exertion,Healthy
11167,2.24,7.63,2,4.5,357,129,3,Moderate Exertion,Healthy
4118,2.38,2.98,1,5.3,131,142,1,Moderate Exertion,Healthy
15690,2.24,10.72,2,4.7,502,69,4,Normal,Healthy
4147,2.12,2.68,1,4.2,132,95,1,Normal,Healthy
19304,2.29,13.46,2,5.6,617,117,5,Moderate Exertion,Healthy
13528,2.27,9.35,2,5.1,432,166,4,High Exertion,Healthy
15896,2.46,11.9,3,4.3,508,111,4,Moderate Exertion,Healthy
4720,2.13,3.06,0.49,6.2,151,106,2,Moderate Exertion,Healthy
12847,2.48,9.7,2,4.8,411,90,4,Normal,Healthy
17038,2.16,11.2,3,4.2,545,144,4,Moderate Exertion,Healthy
